member_id,balance
M000000,190.88
M000001,435.21
M000002,11482.19
M000003,10559.68
M000004,133.11
M000005,8771.54
M000006,3152.51
M000007,6396.51
M000008,9808.87
M000009,8697.89
M000010,9.45
M000011,2047.42
M000012,2409.24
M000013,215626.88
M000014,3227.16
M000015,25427.71
M000016,831.03
M000017,39457.26
M000018,5418.87
M000019,873.99
M000020,420169.63
M000021,14989.84
M000022,3297.45
M000023,16303.41
M000024,41743.96
M000025,1392.04
M000026,4753.29
M000027,170432.77
M000028,4375.12
M000029,7055.04
M000030,82.8
M000031,2581.45
M000032,768.88
M000033,16.55
M000034,1618.21
M000035,1269.25
M000036,12403.44
M000037,4303.26
M000038,15003.56
M000039,289.25
M000040,1155.71
M000041,1950.81
M000042,107765.27
M000043,2832.61
M000044,191.92
M000045,122644.93
M000046,296892.89
M000047,33025.79
M000048,1815.66
M000049,272.5
M000050,136.72
M000051,35874.6
M000052,673848.64
M000053,326765.05
M000054,3572.49
M000055,169.98
M000056,72.03
M000057,3835.39
M000058,12916.51
M000059,3211.56
M000060,6444.42
M000061,14240.45
M000062,1661.94
M000063,205.43
M000064,2195.0
M000065,9027.68
M000066,5727.18
M000067,5719.14
M000068,351.04
M000069,149165.0
M000070,715.18
M000071,37.71
M000072,27661.15
M000073,140.19
M000074,5927.64
M000075,1006.8
M000076,754.09
M000077,2506.23
M000078,4070.35
M000079,111719.9
M000080,706.86
M000081,33721.47
M000082,462.16
M000083,1936.01
M000084,580.59
M000085,111.51
M000086,94731.43
M000087,722.36
M000088,1471.73
M000089,503207.31
M000090,1122.52
M000091,157742.5
M000092,37502.83
M000093,1209.11
M000094,1433.34
M000095,104087.74
M000096,1676.63
M000097,19956.33
M000098,48896.82
M000099,5102.13
M000100,871.19
M000101,461.15
M000102,125.26
M000103,10817.33
M000104,5910.59
M000105,37464.71
M000106,1924.88
M000107,1518.08
M000108,9003.01
M000109,27.6
M000110,1576.38
M000111,13868.38
M000112,48461.13
M000113,9702.22
M000114,4491.89
M000115,612.24
M000116,31386.76
M000117,365.03
M000118,163010.97
M000119,1412.59
M000120,4661.09
M000121,2636.39
M000122,76339.88
M000123,3551.58
M000124,4004.33
M000125,84571.38
M000126,263.86
M000127,147.08
M000128,3656.5
M000129,197.42
M000130,207108.22
M000131,3682.9
M000132,152.18
M000133,8236.03
M000134,753.8
M000135,1465.51
M000136,188174.18
M000137,18482.18
M000138,330.85
M000139,29151.26
M000140,2050.34
M000141,291890.82
M000142,806.14
M000143,2581.85
M000144,56709.52
M000145,1352.4
M000146,62.24
M000147,19858.22
M000148,5.5
M000149,468.35
M000150,2550.28
M000151,11876.59
M000152,47.91
M000153,101559.88
M000154,1707.81
M000155,944.8
M000156,640.09
M000157,1192.69
M000158,530.55
M000159,154.63
M000160,1256.11
M000161,16488.63
M000162,191.95
M000163,2002.03
M000164,183.36
M000165,6165.5
M000166,729.73
M000167,6537.25
M000168,56704.56
M000169,1716.06
M000170,60.42
M000171,87.54
M000172,2707.97
M000173,6344.48
M000174,1755.93
M000175,315401.46
M000176,21206.03
M000177,15798.6
M000178,213.13
M000179,16227.3
M000180,165326.33
M000181,41414.13
M000182,1776.51
M000183,5971.57
M000184,86187.9
M000185,4480.5
M000186,3663.57
M000187,1519.86
M000188,2371.73
M000189,874.34
M000190,21322.32
M000191,447.88
M000192,84.28
M000193,30.65
M000194,14134.92
M000195,479.33
M000196,1159.76
M000197,115.51
M000198,1200.27
M000199,15519.43
M000200,2746.65
M000201,2339422.02
M000202,1189.01
M000203,64.6
M000204,3552.42
M000205,18326.42
M000206,3144.57
M000207,847.7
M000208,57243.03
M000209,2573.15
M000210,8499.56
M000211,262.48
M000212,824.12
M000213,120.92
M000214,312.57
M000215,58186.74
M000216,5417.7
M000217,76.8
M000218,560.98
M000219,314.33
M000220,2255.01
M000221,965.66
M000222,10074.73
M000223,133511.87
M000224,8978.87
M000225,34994.21
M000226,2186.79
M000227,295.47
M000228,40795.11
M000229,19592.74
M000230,17098.47
M000231,507537.62
M000232,673.71
M000233,5981.02
M000234,3002.93
M000235,366340.31
M000236,29860.71
M000237,1886.98
M000238,4906.85
M000239,42607.34
M000240,2228.83
M000241,187.23
M000242,19098.31
M000243,1655.28
M000244,6453.06
M000245,18480.72
M000246,5464.68
M000247,25253.73
M000248,476.34
M000249,4768.17
M000250,1029.97
M000251,70664.15
M000252,14058.19
M000253,2376.08
M000254,7640.55
M000255,342240.79
M000256,13273.61
M000257,64650.0
M000258,1898.23
M000259,13.76
M000260,5643.33
M000261,87580.29
M000262,7627.25
M000263,8183.68
M000264,272496.47
M000265,27497.92
M000266,11189.93
M000267,1511.31
M000268,25766.76
M000269,7348.04
M000270,18602.77
M000271,6475.29
M000272,929.94
M000273,1043.23
M000274,17203.15
M000275,322.53
M000276,269.91
M000277,3872.71
M000278,4836.2
M000279,2952.95
M000280,299095.34
M000281,54679.46
M000282,9374.3
M000283,524.39
M000284,24751.61
M000285,1563.4
M000286,2526.67
M000287,2120.52
M000288,78865.25
M000289,15595.39
M000290,5961.66
M000291,249.32
M000292,1574.84
M000293,888.02
M000294,139312.01
M000295,4369.08
M000296,580.0
M000297,55148.51
M000298,95.45
M000299,177234.98
M000300,498.76
M000301,1785.43
M000302,6751.18
M000303,7721.71
M000304,22057.38
M000305,125.95
M000306,29074.56
M000307,90.09
M000308,1277.72
M000309,1561.75
M000310,82861.96
M000311,47044.31
M000312,8150.63
M000313,5106.54
M000314,20005.06
M000315,177844.38
M000316,12644.93
M000317,456.45
M000318,67993.85
M000319,77574.31
M000320,1592.63
M000321,75.85
M000322,1302.15
M000323,144098.71
M000324,106847.21
M000325,659.02
M000326,4178.62
M000327,160.87
M000328,2048.91
M000329,3261.19
M000330,17832.15
M000331,27304.34
M000332,616.15
M000333,191.22
M000334,1054.48
M000335,2498.67
M000336,540.72
M000337,50338.07
M000338,6238.04
M000339,31.43
M000340,163795.29
M000341,1246.31
M000342,15133.22
M000343,9792.32
M000344,2553.48
M000345,7665.18
M000346,21.11
M000347,354.38
M000348,3710.82
M000349,1558.84
M000350,3604.55
M000351,311.52
M000352,18162.71
M000353,50.89
M000354,2592.74
M000355,1257.76
M000356,12.9
M000357,47.4
M000358,373304.39
M000359,30578.14
M000360,1855.51
M000361,11660.85
M000362,31467.49
M000363,3760.7
M000364,209.54
M000365,23189.4
M000366,68722.15
M000367,58821.96
M000368,8994.26
M000369,11834.32
M000370,7746.74
M000371,1755.9
M000372,3306.9
M000373,373.49
M000374,494.63
M000375,9080.84
M000376,34514.76
M000377,10405.4
M000378,12572.5
M000379,23465.81
M000380,106451.91
M000381,55507.35
M000382,4595.57
M000383,22881.8
M000384,12159.7
M000385,20094.54
M000386,771255.75
M000387,270.76
M000388,133.47
M000389,4001.58
M000390,4429.59
M000391,11519.32
M000392,38676.39
M000393,3739.71
M000394,159.21
M000395,9378.54
M000396,270.27
M000397,1380.17
M000398,59429.46
M000399,149650.95
M000400,714.57
M000401,188.84
M000402,1220.01
M000403,28417.23
M000404,2062.44
M000405,1864.84
M000406,38946.0
M000407,25973.53
M000408,1632.66
M000409,9242.81
M000410,274089.65
M000411,223.25
M000412,11164.26
M000413,674.93
M000414,158.37
M000415,35.06
M000416,445.81
M000417,6142.91
M000418,12840.41
M000419,7194.25
M000420,313.22
M000421,3495.29
M000422,4270.61
M000423,24.7
M000424,219.7
M000425,4184.69
M000426,61727.44
M000427,1613.86
M000428,15243.09
M000429,8647.81
M000430,8983.18
M000431,252115.29
M000432,17782.54
M000433,98.6
M000434,153359.18
M000435,40594.59
M000436,4292.02
M000437,291428.25
M000438,4718.44
M000439,15311.13
M000440,136738.33
M000441,9733.93
M000442,67962.77
M000443,337.35
M000444,2238.72
M000445,658.88
M000446,64995.67
M000447,3283.37
M000448,4524.71
M000449,10860.83
M000450,978.35
M000451,617.12
M000452,168.07
M000453,2.94
M000454,17230.88
M000455,556.81
M000456,3457.96
M000457,168190.99
M000458,43838.81
M000459,9716.53
M000460,57654.49
M000461,1650.55
M000462,47.82
M000463,902.6
M000464,1494.98
M000465,124.05
M000466,15232.22
M000467,534.95
M000468,440.43
M000469,18581.48
M000470,4106.71
M000471,3116.84
M000472,2558.24
M000473,625618.56
M000474,1200.85
M000475,1991.09
M000476,16111.47
M000477,44648.07
M000478,10995.2
M000479,730.52
M000480,11804.79
M000481,5071.61
M000482,16210.71
M000483,686.39
M000484,18822.54
M000485,2845.08
M000486,1880.69
M000487,23766.83
M000488,3882.02
M000489,3159.19
M000490,5728.13
M000491,101.93
M000492,7648.05
M000493,6500.47
M000494,84.3
M000495,15693.4
M000496,43739.12
M000497,157.69
M000498,112.63
M000499,5492.22
M000500,2242.51
M000501,4154.64
M000502,408.25
M000503,706680.47
M000504,16718.09
M000505,61.72
M000506,173008.25
M000507,23.09
M000508,641.53
M000509,3310.86
M000510,998.53
M000511,2736.61
M000512,40774.38
M000513,505.22
M000514,494.46
M000515,59.96
M000516,862.44
M000517,129250.45
M000518,6177.76
M000519,20264.62
M000520,22.75
M000521,151714.01
M000522,721.85
M000523,26386.65
M000524,48408.42
M000525,6635.58
M000526,439.56
M000527,27843.57
M000528,27060.55
M000529,29394.54
M000530,9575.61
M000531,5816.29
M000532,30385.73
M000533,270.56
M000534,85234.22
M000535,13114.15
M000536,42.25
M000537,1154.21
M000538,2016.4
M000539,7495.22
M000540,1998.19
M000541,1306.4
M000542,52483.03
M000543,628592.08
M000544,84.03
M000545,45344.06
M000546,5574.37
M000547,7353.48
M000548,7211.0
M000549,858314.6
M000550,688.43
M000551,251921.75
M000552,578.17
M000553,1307.18
M000554,892.87
M000555,863.91
M000556,36695.78
M000557,33676.7
M000558,861.1
M000559,1818885.49
M000560,3775.85
M000561,1303.98
M000562,3486.71
M000563,2739.25
M000564,523.54
M000565,6110.82
M000566,10802.4
M000567,29401.39
M000568,891.18
M000569,4565.83
M000570,680481.24
M000571,754.02
M000572,30922.44
M000573,9446.15
M000574,4398.03
M000575,2805.31
M000576,253.69
M000577,6554.53
M000578,94192.88
M000579,813.85
M000580,2186.84
M000581,3976.43
M000582,1586.78
M000583,83510.04
M000584,1458.51
M000585,278.54
M000586,15057.61
M000587,134084.55
M000588,827.05
M000589,18527.05
M000590,175.09
M000591,7885.95
M000592,669.14
M000593,13359.35
M000594,4145.11
M000595,27572.57
M000596,36698.76
M000597,60784.75
M000598,1222.66
M000599,12748.05
M000600,7032.12
M000601,2851.92
M000602,3139.8
M000603,1097.49
M000604,112177.7
M000605,2491.92
M000606,300.58
M000607,3.94
M000608,270360.44
M000609,1043.12
M000610,2213.63
M000611,2387.73
M000612,147418.19
M000613,905.31
M000614,663918.99
M000615,30315.0
M000616,3001.29
M000617,213.04
M000618,6009.23
M000619,990.24
M000620,182.09
M000621,6733.18
M000622,6177.07
M000623,3365.38
M000624,1736.22
M000625,10870.04
M000626,18844.03
M000627,1051.37
M000628,432.11
M000629,37367.64
M000630,82940.51
M000631,3184.9
M000632,1700.38
M000633,56136.86
M000634,2276.65
M000635,1281.36
M000636,17008.56
M000637,1511.46
M000638,2725.81
M000639,11686.04
M000640,74381.52
M000641,1131.28
M000642,5040.4
M000643,633134.03
M000644,820.88
M000645,2607.92
M000646,1140.43
M000647,11765.98
M000648,5284.31
M000649,400.06
M000650,212.59
M000651,1006.7
M000652,8729.9
M000653,12265.0
M000654,3486.28
M000655,96.17
M000656,1314.14
M000657,6082.32
M000658,7460.28
M000659,96374.16
M000660,4408.98
M000661,35669.2
M000662,184.87
M000663,376.12
M000664,4841.61
M000665,1605.89
M000666,16.06
M000667,17119.27
M000668,1446.68
M000669,158.51
M000670,5804.21
M000671,27.88
M000672,31350.58
M000673,128.72
M000674,2073.12
M000675,25675.03
M000676,1426.67
M000677,6473.2
M000678,3083.92
M000679,1638.07
M000680,1026.62
M000681,38350.5
M000682,1424.22
M000683,44658.52
M000684,10305.4
M000685,907.95
M000686,98.92
M000687,5754.98
M000688,6888.18
M000689,2001.34
M000690,3282.69
M000691,7925.92
M000692,23444.25
M000693,104.42
M000694,5678.42
M000695,821.66
M000696,268695.94
M000697,1386.58
M000698,65463.3
M000699,54.55
M000700,66721.29
M000701,29.75
M000702,173647.71
M000703,95979.43
M000704,181639.91
M000705,8127.23
M000706,1951.77
M000707,214749.34
M000708,10023.32
M000709,2585.37
M000710,327199.34
M000711,7327.4
M000712,4020.37
M000713,13.69
M000714,35189.62
M000715,2265.76
M000716,76.51
M000717,1534.84
M000718,10315.27
M000719,1549.03
M000720,12.05
M000721,374.54
M000722,660.12
M000723,38620.43
M000724,3412.93
M000725,591.89
M000726,101885.5
M000727,734.68
M000728,422.72
M000729,272399.2
M000730,198291.73
M000731,56878.55
M000732,11820.69
M000733,1381.68
M000734,11924.54
M000735,3221.77
M000736,7958.16
M000737,1231.83
M000738,256.28
M000739,414.19
M000740,249.42
M000741,10664.57
M000742,232.56
M000743,311.63
M000744,733.79
M000745,12516.1
M000746,643.72
M000747,1129.05
M000748,4477.08
M000749,4314.41
M000750,370.75
M000751,1.26
M000752,8271.74
M000753,126.28
M000754,422583.77
M000755,2037.7
M000756,11689.56
M000757,32461.13
M000758,4993.01
M000759,14099.4
M000760,3064.55
M000761,2912.31
M000762,173.41
M000763,17123.65
M000764,13191.54
M000765,5248.04
M000766,8953.33
M000767,2831.48
M000768,201.94
M000769,456.46
M000770,91484.03
M000771,1275.77
M000772,456.45
M000773,65.6
M000774,1960.69
M000775,757.6
M000776,4706.4
M000777,18.91
M000778,33409.19
M000779,1885.94
M000780,15066.85
M000781,534.06
M000782,28.52
M000783,1022.59
M000784,110306.15
M000785,363.47
M000786,1465.79
M000787,7115.89
M000788,8487.5
M000789,19267.03
M000790,54.5
M000791,58139.86
M000792,2697.09
M000793,20534.57
M000794,38914.67
M000795,13982.71
M000796,179.84
M000797,29712.9
M000798,1116743.99
M000799,25812.81
M000800,2539.11
M000801,5708.79
M000802,70130.26
M000803,22005.96
M000804,199314.17
M000805,249.04
M000806,321.68
M000807,2087.09
M000808,12516.6
M000809,22.49
M000810,1715.89
M000811,49019.69
M000812,2477.14
M000813,398.2
M000814,95712.73
M000815,265.28
M000816,36799.58
M000817,70608.96
M000818,365.3
M000819,106.29
M000820,1933.71
M000821,18090.43
M000822,4040.19
M000823,66.87
M000824,28622.1
M000825,322.99
M000826,49437.85
M000827,159.09
M000828,17169.63
M000829,27989.88
M000830,1186.62
M000831,588.51
M000832,36037.35
M000833,1929.51
M000834,3661.5
M000835,11944.32
M000836,1320.62
M000837,1286.56
M000838,10785.99
M000839,4116.87
M000840,3545.69
M000841,2326.83
M000842,533.8
M000843,171.3
M000844,407.1
M000845,1584.15
M000846,2739.64
M000847,3714.31
M000848,433.41
M000849,13696.68
M000850,410224.46
M000851,83.07
M000852,2661.79
M000853,3.12
M000854,3696.25
M000855,7619.77
M000856,279.03
M000857,43989.64
M000858,1308.96
M000859,603.21
M000860,43130.32
M000861,4007.7
M000862,180.19
M000863,19933.26
M000864,69534.54
M000865,1322.98
M000866,258959.25
M000867,41464.44
M000868,130.98
M000869,1897.94
M000870,3782.68
M000871,703376.8
M000872,18498.2
M000873,10588.48
M000874,265.03
M000875,2947.82
M000876,32345.54
M000877,13284.68
M000878,4518.87
M000879,64.6
M000880,4692.87
M000881,11833.67
M000882,130.64
M000883,1138.47
M000884,32.36
M000885,40811.17
M000886,35715.01
M000887,6529.01
M000888,20315.54
M000889,35775.34
M000890,19411.94
M000891,8094.69
M000892,5018.12
M000893,1892.05
M000894,248142.39
M000895,2662.59
M000896,470.09
M000897,2349.73
M000898,3063.95
M000899,11557.75
M000900,4554.91
M000901,1001.24
M000902,6506.12
M000903,27200.78
M000904,106301.75
M000905,4880.17
M000906,162.15
M000907,13939.01
M000908,150.03
M000909,589.46
M000910,343.06
M000911,60793.9
M000912,2949.13
M000913,44434.52
M000914,586.99
M000915,390.47
M000916,61658.09
M000917,13726.28
M000918,489.89
M000919,273.14
M000920,3616.33
M000921,5709.15
M000922,996.34
M000923,128.31
M000924,31462.8
M000925,126087.38
M000926,268.38
M000927,200.18
M000928,117699.18
M000929,16877.72
M000930,349885.3
M000931,7887.33
M000932,1013.22
M000933,9298.56
M000934,3258.58
M000935,524.04
M000936,1091.6
M000937,432.02
M000938,3921.75
M000939,13.5
M000940,17265.83
M000941,393.59
M000942,13037.0
M000943,12812.68
M000944,5555688.78
M000945,31308.38
M000946,1777.58
M000947,797.57
M000948,707.81
M000949,1075.2
M000950,2442.19
M000951,98.1
M000952,12432.53
M000953,1219.38
M000954,367.84
M000955,918.26
M000956,1427.45
M000957,66833.22
M000958,811.0
M000959,9285.16
M000960,114463.53
M000961,591.53
M000962,29.14
M000963,2480.32
M000964,34894.32
M000965,119.47
M000966,6352.24
M000967,46.62
M000968,65484.01
M000969,414.4
M000970,15458.16
M000971,107405.55
M000972,25652.15
M000973,3763.09
M000974,1874.74
M000975,5974.36
M000976,72297.69
M000977,149948.98
M000978,2969.45
M000979,475515.81
M000980,1130.08
M000981,4687.17
M000982,77.74
M000983,131426.05
M000984,51811.11
M000985,11848.16
M000986,31.38
M000987,3877.97
M000988,10233.96
M000989,452.49
M000990,89075.81
M000991,5750.21
M000992,1570.62
M000993,58.19
M000994,440.11
M000995,745.13
M000996,3351.34
M000997,217.22
M000998,6153.08
M000999,407.01
M001000,13923.63
M001001,14850.7
M001002,3146.82
M001003,490.54
M001004,3666.98
M001005,34189.5
M001006,983.41
M001007,8553.4
M001008,16938.89
M001009,2586.86
M001010,19867.86
M001011,331445.93
M001012,546600.47
M001013,10448.29
M001014,33803.58
M001015,838.39
M001016,78.36
M001017,2838.01
M001018,372.27
M001019,37691.99
M001020,496.56
M001021,281682.98
M001022,978.54
M001023,220510.24
M001024,438.5
M001025,4111.98
M001026,90694.02
M001027,699.82
M001028,58730.1
M001029,27004.23
M001030,3216.29
M001031,14542.6
M001032,276.32
M001033,572.58
M001034,466.3
M001035,1534412.34
M001036,41374.68
M001037,104.93
M001038,14.88
M001039,164167.18
M001040,989.35
M001041,734.03
M001042,436.64
M001043,1219.21
M001044,5854.82
M001045,3454.61
M001046,107887.46
M001047,1429.67
M001048,1668.88
M001049,6315.19
M001050,1676.33
M001051,18398.88
M001052,711.76
M001053,14554.41
M001054,14059.6
M001055,378.62
M001056,902.39
M001057,63.19
M001058,1433.81
M001059,1952.82
M001060,543548.4
M001061,124.49
M001062,32432.83
M001063,521.99
M001064,20832.11
M001065,708.25
M001066,7460.93
M001067,514.69
M001068,4029.38
M001069,453.6
M001070,49552.29
M001071,157710.48
M001072,16328.25
M001073,1471.91
M001074,9272.7
M001075,2315.24
M001076,116015.67
M001077,2362.44
M001078,226455.83
M001079,19711.52
M001080,20326.04
M001081,136.65
M001082,1962.72
M001083,64713.67
M001084,17066.82
M001085,14957.11
M001086,38586.12
M001087,19186.82
M001088,9698.37
M001089,1372.61
M001090,4579.81
M001091,4756.04
M001092,23661.46
M001093,996.02
M001094,77094.83
M001095,24261.48
M001096,15729.63
M001097,11377.31
M001098,1568.25
M001099,1349.75
M001100,7003.84
M001101,632.79
M001102,16395.8
M001103,253.1
M001104,20.22
M001105,153289.51
M001106,410928.15
M001107,52202.0
M001108,839.88
M001109,41794.27
M001110,186.97
M001111,1316.07
M001112,4111.37
M001113,3362.28
M001114,3670.82
M001115,1455.67
M001116,33344.1
M001117,3779.23
M001118,71743.27
M001119,19479.05
M001120,1192.91
M001121,127.9
M001122,165.91
M001123,19717.77
M001124,144.92
M001125,144120.14
M001126,23.43
M001127,762.96
M001128,2412.16
M001129,4453.44
M001130,65870.83
M001131,30140.06
M001132,2306.13
M001133,91394.2
M001134,305.35
M001135,824.77
M001136,2.0
M001137,1374.31
M001138,20504.06
M001139,3134.67
M001140,9005.43
M001141,683.89
M001142,113471.47
M001143,17.42
M001144,12980.31
M001145,12721.18
M001146,706.47
M001147,2556.16
M001148,12129.29
M001149,487.87
M001150,315.05
M001151,35166.6
M001152,1198.79
M001153,10739.16
M001154,105315.68
M001155,5589.56
M001156,1358.41
M001157,3727.9
M001158,100.82
M001159,14976.7
M001160,63981.93
M001161,2827.41
M001162,61853.81
M001163,112.11
M001164,2659.74
M001165,6460.33
M001166,674.74
M001167,23454.42
M001168,21338.76
M001169,9801.44
M001170,23176.9
M001171,727.95
M001172,1254.93
M001173,22252.55
M001174,4315.66
M001175,48213.93
M001176,2984.92
M001177,724843.54
M001178,203519.0
M001179,3420.07
M001180,1707.59
M001181,4520.82
M001182,146.37
M001183,38.77
M001184,48224.11
M001185,194.64
M001186,224.42
M001187,5126.04
M001188,17961.07
M001189,58115.55
M001190,4109.58
M001191,5452.82
M001192,93.08
M001193,60.64
M001194,4283.87
M001195,75.53
M001196,3737.72
M001197,5806.96
M001198,7892.78
M001199,23091.1
M001200,907.01
M001201,40735.87
M001202,4177.3
M001203,188.2
M001204,1101.79
M001205,1076.93
M001206,420.94
M001207,11750.63
M001208,177.99
M001209,664.54
M001210,58.71
M001211,327.42
M001212,34335.14
M001213,39957.17
M001214,8063.21
M001215,750.79
M001216,692.94
M001217,2709.1
M001218,23243.13
M001219,8316.64
M001220,8718.15
M001221,33030.07
M001222,137844.89
M001223,75148.36
M001224,5986.49
M001225,1907.34
M001226,5162.0
M001227,54.09
M001228,13221.32
M001229,163.62
M001230,292652.13
M001231,523.86
M001232,44852.17
M001233,14390.88
M001234,1629.57
M001235,392.97
M001236,428.26
M001237,12332.09
M001238,129.43
M001239,4868.5
M001240,24104.52
M001241,16680.19
M001242,7122.03
M001243,1858.92
M001244,146947.24
M001245,1897.51
M001246,1382.23
M001247,137.25
M001248,1479.32
M001249,439.05
M001250,999.68
M001251,5563.05
M001252,2291.7
M001253,289.74
M001254,2217.02
M001255,292.32
M001256,1891.74
M001257,23793.76
M001258,14073.15
M001259,3102.94
M001260,8875.88
M001261,6597.04
M001262,104041.28
M001263,174746.45
M001264,428.7
M001265,333.14
M001266,1041.54
M001267,106526.1
M001268,20054.54
M001269,12599.29
M001270,229900.82
M001271,6808.08
M001272,66097.32
M001273,132.79
M001274,1517286.95
M001275,3150.53
M001276,4009.98
M001277,5266.32
M001278,57503.89
M001279,35997.78
M001280,1981.9
M001281,1223.39
M001282,1839.63
M001283,2621.96
M001284,164.28
M001285,863.45
M001286,3.21
M001287,855.58
M001288,550.5
M001289,112858.72
M001290,29220.14
M001291,169.08
M001292,1465.02
M001293,880.91
M001294,223.72
M001295,550658.87
M001296,2369.83
M001297,2234.96
M001298,149.42
M001299,1427.87
M001300,4265.81
M001301,2861440.68
M001302,17942.0
M001303,860.33
M001304,52315.89
M001305,16342.24
M001306,4378.4
M001307,6799.04
M001308,30.1
M001309,71751.72
M001310,21586.49
M001311,1765.15
M001312,2881.11
M001313,898549.08
M001314,5330.22
M001315,2704.9
M001316,15.42
M001317,38.47
M001318,6203.75
M001319,6126.47
M001320,611.97
M001321,2994626.99
M001322,8285.53
M001323,1355.27
M001324,14.43
M001325,7546.85
M001326,1559.46
M001327,28856.51
M001328,11756.11
M001329,9484.54
M001330,135351.4
M001331,2567.43
M001332,20731.27
M001333,1098.18
M001334,266.07
M001335,386.07
M001336,157.13
M001337,1807.92
M001338,53594.77
M001339,3376.95
M001340,453.28
M001341,1485.46
M001342,303.2
M001343,550305.8
M001344,25.73
M001345,50752.28
M001346,27493.97
M001347,9038.51
M001348,24284.89
M001349,2590.1
M001350,506.64
M001351,1104.81
M001352,5424.0
M001353,857.69
M001354,1279.8
M001355,913.08
M001356,52647.62
M001357,2527.67
M001358,1029135.48
M001359,222.03
M001360,192.78
M001361,4980.67
M001362,290.97
M001363,17551.8
M001364,1029.68
M001365,27029.72
M001366,633.82
M001367,129.03
M001368,85463.5
M001369,1552.38
M001370,1841.83
M001371,102.35
M001372,30232.33
M001373,256.54
M001374,56788.62
M001375,319.36
M001376,729.33
M001377,1593.96
M001378,4387.06
M001379,25457.23
M001380,5542.84
M001381,1281.08
M001382,853.88
M001383,1179.76
M001384,1127.6
M001385,1094.24
M001386,2071.63
M001387,75936.57
M001388,299.12
M001389,10331.51
M001390,1020.46
M001391,519.08
M001392,379.09
M001393,112.34
M001394,1637.82
M001395,721.51
M001396,467.2
M001397,91944.04
M001398,4888.17
M001399,82526.28
M001400,362.62
M001401,78969.08
M001402,65930.32
M001403,1004.91
M001404,3521.35
M001405,1571.87
M001406,9166.45
M001407,33187.0
M001408,163262.32
M001409,1.95
M001410,138167.19
M001411,340.94
M001412,21250.76
M001413,1627.87
M001414,4461.52
M001415,4284.03
M001416,6910.45
M001417,80.28
M001418,232.61
M001419,1928.56
M001420,2640.94
M001421,346.32
M001422,19615.52
M001423,538.81
M001424,36262.99
M001425,492.69
M001426,12160.78
M001427,2394.42
M001428,10756.25
M001429,4046.2
M001430,55.6
M001431,299.18
M001432,4290.14
M001433,2048.13
M001434,2093.27
M001435,5611.89
M001436,33564.36
M001437,759414.16
M001438,5066.42
M001439,388.17
M001440,33.05
M001441,49057.22
M001442,2113.57
M001443,2942.07
M001444,61796.63
M001445,96382.36
M001446,7463.51
M001447,15620.34
M001448,74.84
M001449,440.88
M001450,1057.63
M001451,941.98
M001452,127130.67
M001453,98.51
M001454,284.1
M001455,24696.69
M001456,4105.49
M001457,747.31
M001458,766.88
M001459,688556.88
M001460,5245.03
M001461,137884.22
M001462,1233.02
M001463,7745.29
M001464,488.21
M001465,335.25
M001466,4918.19
M001467,3618.4
M001468,1819.19
M001469,12373.65
M001470,2435.55
M001471,15.5
M001472,1481.73
M001473,1787.97
M001474,369.65
M001475,1848.88
M001476,299.58
M001477,19968.99
M001478,48199.5
M001479,978.93
M001480,13481.74
M001481,12376.03
M001482,19634.17
M001483,32222.98
M001484,314.55
M001485,2088.13
M001486,4404.7
M001487,2688.22
M001488,21.7
M001489,548.74
M001490,78.56
M001491,213.42
M001492,64002.25
M001493,15.31
M001494,1107.63
M001495,29067.73
M001496,130021.58
M001497,14042.46
M001498,882.28
M001499,101305.94
M001500,9934.32
M001501,1620.74
M001502,221.09
M001503,2478.18
M001504,77251.81
M001505,682.62
M001506,825.84
M001507,21014.01
M001508,7222.92
M001509,4514.28
M001510,204.05
M001511,33065.79
M001512,2657.51
M001513,10334.34
M001514,843052.84
M001515,2836.66
M001516,35813.83
M001517,8881.67
M001518,1808.49
M001519,7145.21
M001520,160.69
M001521,57255.65
M001522,2504.42
M001523,196291.87
M001524,183.23
M001525,63815.45
M001526,1449.01
M001527,577.49
M001528,225.98
M001529,13940.39
M001530,4735.55
M001531,1153.75
M001532,807.65
M001533,817.71
M001534,8378.47
M001535,12264.31
M001536,5873.49
M001537,17036.28
M001538,10273.9
M001539,19565.27
M001540,5714.99
M001541,147.04
M001542,770897.16
M001543,294616.8
M001544,36031.09
M001545,13140.29
M001546,21770.48
M001547,1051.18
M001548,6679.28
M001549,917.24
M001550,109.98
M001551,110852.98
M001552,260596.39
M001553,16226.02
M001554,5101.04
M001555,19000.03
M001556,1290.75
M001557,631.65
M001558,1077.71
M001559,7030.47
M001560,48445.33
M001561,42558.98
M001562,140.63
M001563,112323.98
M001564,660857.88
M001565,7436.85
M001566,3675.83
M001567,47381.61
M001568,108.74
M001569,2265.8
M001570,1893.02
M001571,543634.89
M001572,116011.25
M001573,515.65
M001574,8691.42
M001575,189933.46
M001576,56.49
M001577,30122.4
M001578,11671.43
M001579,1333.42
M001580,2248.8
M001581,82147.94
M001582,60350.05
M001583,9254.78
M001584,3133.13
M001585,731.92
M001586,4553.12
M001587,82665.85
M001588,175.28
M001589,34.33
M001590,1982.1
M001591,743.87
M001592,866.37
M001593,29.75
M001594,541089.24
M001595,65272.27
M001596,1678.09
M001597,835.5
M001598,20185.0
M001599,57933.82
M001600,454.78
M001601,5849.01
M001602,1230.25
M001603,289.82
M001604,12345.38
M001605,25.33
M001606,138.77
M001607,8421.74
M001608,200875.16
M001609,90555.37
M001610,4567.42
M001611,1334.86
M001612,7509.76
M001613,2203.46
M001614,98.48
M001615,35.3
M001616,1654.06
M001617,6809.01
M001618,1791.64
M001619,92.69
M001620,20481.55
M001621,2049.65
M001622,40728.55
M001623,2049.88
M001624,21623.49
M001625,16.76
M001626,112231.28
M001627,1356.07
M001628,397.27
M001629,71971.36
M001630,701.17
M001631,453.47
M001632,51403.98
M001633,2256.46
M001634,29748.75
M001635,510.41
M001636,5371.0
M001637,650.45
M001638,1754.65
M001639,5296.0
M001640,3512.84
M001641,5.55
M001642,1769.45
M001643,6270.94
M001644,104.7
M001645,3345.7
M001646,41591.12
M001647,4037.8
M001648,505.55
M001649,300.85
M001650,2534.4
M001651,2.75
M001652,5746.94
M001653,7162.69
M001654,9427.63
M001655,20179.34
M001656,42463.55
M001657,157.16
M001658,1084.13
M001659,173.01
M001660,87005.62
M001661,22387.78
M001662,76.32
M001663,84108.89
M001664,7488.4
M001665,24902.09
M001666,1669.95
M001667,4667.51
M001668,943.01
M001669,2007.25
M001670,23686.02
M001671,3883.86
M001672,122.11
M001673,664.04
M001674,205397.01
M001675,174.94
M001676,50845.57
M001677,8649.94
M001678,1467.13
M001679,5803.15
M001680,2051.86
M001681,1440.66
M001682,127.5
M001683,2936.87
M001684,3389.26
M001685,18769.94
M001686,17092.47
M001687,43145.98
M001688,1374.94
M001689,33613.35
M001690,833434.89
M001691,34181.68
M001692,381.51
M001693,34251.14
M001694,45271.67
M001695,866.56
M001696,26250.17
M001697,385558.2
M001698,6696.54
M001699,67.2
M001700,5210.95
M001701,245.33
M001702,931.8
M001703,4868.39
M001704,9708.17
M001705,12730.82
M001706,1084.15
M001707,11.82
M001708,170.98
M001709,344.56
M001710,1070.18
M001711,2878.35
M001712,999.82
M001713,12527.53
M001714,816.57
M001715,1455.72
M001716,271.24
M001717,10735.8
M001718,1104.58
M001719,6775.69
M001720,1733.82
M001721,9650.75
M001722,30649.16
M001723,2198.5
M001724,762.68
M001725,83.6
M001726,31662.44
M001727,63657.29
M001728,1543.86
M001729,55610.45
M001730,53048.99
M001731,969.56
M001732,16768.67
M001733,62.08
M001734,147257.17
M001735,27.02
M001736,87.71
M001737,4934.32
M001738,78178.32
M001739,31858.29
M001740,1452.78
M001741,20140.39
M001742,8530.03
M001743,6228.55
M001744,725.36
M001745,1983.74
M001746,491.79
M001747,46621.77
M001748,5278.94
M001749,269.38
M001750,1027879.96
M001751,3374.73
M001752,5897.69
M001753,1491.35
M001754,88442.7
M001755,270.87
M001756,4168.06
M001757,22.84
M001758,8137.0
M001759,1492.56
M001760,20453.07
M001761,50001.8
M001762,856.03
M001763,1141.92
M001764,36.36
M001765,69049.77
M001766,610.48
M001767,274110.35
M001768,2405.83
M001769,57899.28
M001770,3967.14
M001771,445.29
M001772,2476.49
M001773,114.16
M001774,96.91
M001775,5289.58
M001776,6840.82
M001777,3221.16
M001778,24.36
M001779,1755.94
M001780,4913.35
M001781,21668.7
M001782,58.3
M001783,1447.3
M001784,9896.36
M001785,37.13
M001786,10215.15
M001787,205.44
M001788,3266.31
M001789,37418.17
M001790,17009.77
M001791,27115.7
M001792,1050.8
M001793,2072.35
M001794,1828.42
M001795,13216.75
M001796,2640.72
M001797,55814.05
M001798,2823.33
M001799,918767.35
M001800,53.3
M001801,421.08
M001802,6530.89
M001803,11064.79
M001804,499.85
M001805,873.73
M001806,4980.4
M001807,421.26
M001808,18267.25
M001809,408.21
M001810,425.64
M001811,2799.5
M001812,488.25
M001813,167.19
M001814,2020.11
M001815,518.78
M001816,21432.25
M001817,1159.54
M001818,3284.24
M001819,14.15
M001820,41029.17
M001821,11152.92
M001822,45.66
M001823,4146.8
M001824,939.28
M001825,841.73
M001826,14341.42
M001827,9451.54
M001828,2207.2
M001829,46048.48
M001830,139718.64
M001831,106.21
M001832,760.12
M001833,53980.55
M001834,4703.34
M001835,2841.86
M001836,190.41
M001837,12499.21
M001838,2218.42
M001839,715.37
M001840,942.57
M001841,7139.27
M001842,31401.91
M001843,4487.39
M001844,27027.24
M001845,35565.93
M001846,2418.21
M001847,5817.08
M001848,10165.86
M001849,1105.25
M001850,10673.85
M001851,33.31
M001852,396120.32
M001853,91990.8
M001854,71331.86
M001855,305.86
M001856,2532.41
M001857,68247.77
M001858,14960.57
M001859,4621.54
M001860,785.35
M001861,860.2
M001862,16739.72
M001863,24.42
M001864,15.39
M001865,19623.8
M001866,823.13
M001867,17186.88
M001868,3176.39
M001869,13636974.98
M001870,5147.73
M001871,1682.77
M001872,7414.45
M001873,480.62
M001874,1380.75
M001875,3039988.59
M001876,361.87
M001877,986.75
M001878,152.66
M001879,24135.19
M001880,21517.28
M001881,136073.53
M001882,1196.24
M001883,6076.49
M001884,3617.35
M001885,15076.76
M001886,12436.6
M001887,6592178.57
M001888,975.64
M001889,4194.04
M001890,98.05
M001891,1240.9
M001892,1320.85
M001893,55560.18
M001894,14043.62
M001895,28338.7
M001896,181.63
M001897,71.65
M001898,15168.03
M001899,2451.99
M001900,940.74
M001901,21154.75
M001902,1489.59
M001903,1870.69
M001904,387577.68
M001905,8536.51
M001906,25517.92
M001907,1961.53
M001908,21958.06
M001909,719.72
M001910,1275.09
M001911,11709.61
M001912,2485.9
M001913,1133.2
M001914,38587.07
M001915,1000.7
M001916,99.52
M001917,10332.44
M001918,118.03
M001919,1094.45
M001920,23659.45
M001921,132.01
M001922,3211.5
M001923,569.94
M001924,41091.46
M001925,67075.96
M001926,37288.4
M001927,861.51
M001928,949626.73
M001929,12392.91
M001930,591.61
M001931,718.65
M001932,14324.87
M001933,206.14
M001934,14972.76
M001935,153750.4
M001936,1020.51
M001937,203588.28
M001938,592.87
M001939,74749.41
M001940,684.78
M001941,920.76
M001942,149149.73
M001943,6993.7
M001944,707.33
M001945,15399.2
M001946,14473.01
M001947,28749.77
M001948,1911.36
M001949,2200.03
M001950,32629.22
M001951,11927.37
M001952,522.28
M001953,31001.49
M001954,179.8
M001955,81223.54
M001956,1495.39
M001957,32767.27
M001958,5.68
M001959,725.7
M001960,3806.34
M001961,14144.28
M001962,336.12
M001963,551.23
M001964,87.98
M001965,91344.31
M001966,3043.47
M001967,789.89
M001968,88947.82
M001969,1669.71
M001970,651431.9
M001971,100.04
M001972,9563.34
M001973,20316.29
M001974,53822.13
M001975,26413.79
M001976,77.4
M001977,188.2
M001978,2393.07
M001979,78.9
M001980,2121.67
M001981,134626.45
M001982,2771.41
M001983,5129.1
M001984,1384.1
M001985,2836.74
M001986,3234.78
M001987,20254.25
M001988,5985.83
M001989,1760.39
M001990,101011.72
M001991,622.43
M001992,27914.34
M001993,15854.1
M001994,505.33
M001995,22683.58
M001996,1875.35
M001997,1.58
M001998,7928.54
M001999,419.57
M002000,3777.76
M002001,27349.2
M002002,28999.84
M002003,651.81
M002004,76.09
M002005,3688.65
M002006,144.28
M002007,533.06
M002008,23.43
M002009,101055.81
M002010,60.82
M002011,38480.56
M002012,472.61
M002013,1370.76
M002014,306248.76
M002015,560.55
M002016,867.9
M002017,3516.83
M002018,12169.52
M002019,124837.16
M002020,3930.29
M002021,11177.03
M002022,399.46
M002023,14186.75
M002024,18843.79
M002025,1894.87
M002026,131.84
M002027,10730.1
M002028,175.11
M002029,2413.92
M002030,410.69
M002031,220286.95
M002032,5503.98
M002033,2157.02
M002034,4570.91
M002035,3092.66
M002036,8200.95
M002037,167.9
M002038,88.38
M002039,96.1
M002040,1231.56
M002041,1738.9
M002042,1785.57
M002043,13979.86
M002044,764267.58
M002045,3120.41
M002046,26976.1
M002047,2092637.67
M002048,5423.19
M002049,3422.99
M002050,130736.8
M002051,624.75
M002052,10272.21
M002053,2028.53
M002054,250.87
M002055,1853.53
M002056,28078.38
M002057,189.39
M002058,752.25
M002059,1370.44
M002060,2157.25
M002061,260.2
M002062,895.21
M002063,33227.03
M002064,30.87
M002065,10544.99
M002066,692.52
M002067,1950.38
M002068,2409.49
M002069,669.65
M002070,3397.52
M002071,715.7
M002072,283.47
M002073,1341.89
M002074,63.81
M002075,422271.52
M002076,2479.72
M002077,13526.91
M002078,2254.87
M002079,13864.63
M002080,29632.88
M002081,148569.47
M002082,931.64
M002083,80.73
M002084,1728.17
M002085,90809.7
M002086,42667.96
M002087,70598.52
M002088,818.27
M002089,47478.09
M002090,888.74
M002091,3252.5
M002092,107.09
M002093,5818.12
M002094,580.21
M002095,27386.4
M002096,400.27
M002097,463063.02
M002098,5920.89
M002099,1261.89
M002100,4850.3
M002101,8160.86
M002102,3251.57
M002103,561.05
M002104,55.67
M002105,10173.82
M002106,30512.13
M002107,87.24
M002108,75207.05
M002109,3032.03
M002110,4477.38
M002111,394.21
M002112,3517.57
M002113,2230.28
M002114,29.62
M002115,4409.31
M002116,20772.61
M002117,29129.45
M002118,86934.17
M002119,1177.78
M002120,34529.23
M002121,13773.85
M002122,1333.84
M002123,1358.54
M002124,6159.01
M002125,3997.35
M002126,5778.88
M002127,885.25
M002128,12232.48
M002129,2010.79
M002130,1031.72
M002131,14938.9
M002132,19308.75
M002133,25774.75
M002134,1193.08
M002135,3601.44
M002136,9711.33
M002137,1813.73
M002138,105.68
M002139,826.32
M002140,102760.51
M002141,14419.67
M002142,12510.37
M002143,8194.94
M002144,7697.71
M002145,11464.04
M002146,23365.42
M002147,2293.29
M002148,5428.36
M002149,578.82
M002150,2615.69
M002151,1107.85
M002152,7096.81
M002153,7303.41
M002154,10548.18
M002155,11457.57
M002156,3677.05
M002157,4784.04
M002158,856.75
M002159,12615.02
M002160,2606.36
M002161,24296.61
M002162,510.05
M002163,2875.41
M002164,333.58
M002165,1262.16
M002166,20002.63
M002167,1412.89
M002168,5409.59
M002169,99.22
M002170,997.05
M002171,9951.2
M002172,11948.46
M002173,496.22
M002174,23508.73
M002175,84852.66
M002176,14851.43
M002177,869.21
M002178,3954.56
M002179,26150.73
M002180,153.67
M002181,79672.45
M002182,340.06
M002183,9498.56
M002184,290.27
M002185,461.75
M002186,9412.05
M002187,164.3
M002188,6447.55
M002189,517.01
M002190,207928.7
M002191,2195.7
M002192,1602.24
M002193,216332.88
M002194,1692.69
M002195,128.39
M002196,12596.29
M002197,3417.22
M002198,78.79
M002199,2349.81
M002200,824.49
M002201,681.92
M002202,440.25
M002203,2414.36
M002204,21853.02
M002205,29402.47
M002206,14762.54
M002207,15937.89
M002208,25313.84
M002209,55064.36
M002210,274.5
M002211,30381.78
M002212,62961.52
M002213,20.31
M002214,106097.55
M002215,26.21
M002216,24992.87
M002217,292.14
M002218,246.95
M002219,28.66
M002220,7985.15
M002221,455.6
M002222,1992.37
M002223,9539534.24
M002224,1551.07
M002225,223.85
M002226,1489.73
M002227,110.76
M002228,67339.28
M002229,20071.19
M002230,754.7
M002231,135960.02
M002232,7782.14
M002233,62902.82
M002234,61279.22
M002235,108.9
M002236,5458.78
M002237,131970.06
M002238,7254030.07
M002239,14724.92
M002240,905.61
M002241,707.37
M002242,768.94
M002243,27070.45
M002244,3090.11
M002245,14612.13
M002246,613.71
M002247,1071.78
M002248,280.33
M002249,4838.59
M002250,14429.74
M002251,910.85
M002252,54492.24
M002253,326485.66
M002254,565.85
M002255,8196.47
M002256,8800.79
M002257,7292.57
M002258,1754.74
M002259,1918.06
M002260,23701.59
M002261,9023.0
M002262,4988.6
M002263,18729.81
M002264,304488.46
M002265,93199.98
M002266,33218.09
M002267,1590760.36
M002268,298681.56
M002269,734.02
M002270,11322.95
M002271,10121.91
M002272,538.55
M002273,7386.91
M002274,54.4
M002275,1905.83
M002276,121.13
M002277,444.65
M002278,4000.07
M002279,11478.26
M002280,69907.8
M002281,630.46
M002282,4516.88
M002283,68.53
M002284,675.2
M002285,222.37
M002286,37288.86
M002287,14294.85
M002288,2643.26
M002289,81.88
M002290,2371.3
M002291,16230.87
M002292,1773.73
M002293,3010.08
M002294,6273.39
M002295,5797.99
M002296,67946.06
M002297,5256.98
M002298,353.32
M002299,31899.03
M002300,134.54
M002301,521.49
M002302,1259.91
M002303,1418.84
M002304,8583.99
M002305,965.39
M002306,721.48
M002307,99.94
M002308,11397.9
M002309,1177.9
M002310,9169.87
M002311,161.89
M002312,780.72
M002313,4625.26
M002314,2449.83
M002315,39043.23
M002316,166.48
M002317,17143.97
M002318,3083.68
M002319,38508.98
M002320,10273.97
M002321,960.9
M002322,22973.44
M002323,1058015.29
M002324,3108.52
M002325,473.14
M002326,2621.65
M002327,11852.32
M002328,216.95
M002329,6787.33
M002330,4362.46
M002331,33286.3
M002332,962.46
M002333,3874.54
M002334,3671.04
M002335,836.62
M002336,6695.77
M002337,113.18
M002338,3279.91
M002339,2382.07
M002340,13458.72
M002341,367.94
M002342,1786.98
M002343,5029.38
M002344,103.99
M002345,6324.48
M002346,371.63
M002347,282040.1
M002348,12626.48
M002349,5404.33
M002350,1042.1
M002351,9099.67
M002352,150758.03
M002353,31608.24
M002354,53057.56
M002355,158.16
M002356,32642.17
M002357,42606.07
M002358,395.74
M002359,20986.02
M002360,4192.01
M002361,4680.72
M002362,1230.6
M002363,5720.08
M002364,17131.68
M002365,575.72
M002366,5876.84
M002367,27758.12
M002368,370.51
M002369,285959.96
M002370,3129.23
M002371,26.4
M002372,4223.27
M002373,16331.58
M002374,2063.01
M002375,25440.83
M002376,43.26
M002377,196.07
M002378,77881.57
M002379,4190.91
M002380,12602.68
M002381,8359.56
M002382,13.2
M002383,803.39
M002384,3960.07
M002385,362.37
M002386,70686.96
M002387,2190.01
M002388,9439.44
M002389,160280.08
M002390,128.32
M002391,48786.1
M002392,639.11
M002393,221137.34
M002394,2053.59
M002395,23371.53
M002396,1967.97
M002397,1313.91
M002398,514.88
M002399,251345.93
M002400,360.0
M002401,749.58
M002402,27196.44
M002403,33460.35
M002404,3783.23
M002405,19593.89
M002406,845.92
M002407,3978.0
M002408,1825.38
M002409,3575.32
M002410,10104.27
M002411,561.17
M002412,292.87
M002413,13332.73
M002414,12852.7
M002415,36215.08
M002416,1950.54
M002417,1889.67
M002418,62.15
M002419,1955.54
M002420,870.53
M002421,319.03
M002422,3090.15
M002423,124.5
M002424,30484.21
M002425,31.05
M002426,1127.05
M002427,297.83
M002428,385630.88
M002429,23141.61
M002430,27872.76
M002431,2408.49
M002432,410.5
M002433,20085.11
M002434,2076.35
M002435,1309.5
M002436,59997.12
M002437,1841.62
M002438,371.33
M002439,1603.74
M002440,15489.66
M002441,561.04
M002442,64864.52
M002443,711.83
M002444,1143.76
M002445,22.24
M002446,439852.74
M002447,77214.97
M002448,12761.03
M002449,1072.55
M002450,5515.55
M002451,582.18
M002452,7215.78
M002453,190.82
M002454,509.1
M002455,27358.03
M002456,13237.79
M002457,341.77
M002458,946876.81
M002459,3620.15
M002460,148440.81
M002461,1461.03
M002462,72.23
M002463,19.99
M002464,372.21
M002465,705.99
M002466,93164.22
M002467,484975.12
M002468,1931.74
M002469,1217.46
M002470,3781.53
M002471,43.6
M002472,969120.99
M002473,1072.14
M002474,28686.24
M002475,1530.1
M002476,88058.57
M002477,11044.45
M002478,231.63
M002479,3.32
M002480,4393.46
M002481,2371.13
M002482,10629.02
M002483,55888.27
M002484,553.38
M002485,141.61
M002486,11773.53
M002487,197351.19
M002488,122.07
M002489,10793.42
M002490,72.16
M002491,917.65
M002492,1388.48
M002493,4158.91
M002494,72248.28
M002495,760.47
M002496,688189.91
M002497,3691.95
M002498,316.85
M002499,35716.69
M002500,57.39
M002501,13969.64
M002502,360.58
M002503,141876.72
M002504,54.25
M002505,1228.67
M002506,957.33
M002507,1094.31
M002508,11693.63
M002509,300202.62
M002510,75832.95
M002511,46462.0
M002512,82800.77
M002513,1362.87
M002514,1904.4
M002515,3948.69
M002516,967.74
M002517,31606.4
M002518,3612.9
M002519,640265.03
M002520,532.53
M002521,71264.59
M002522,1093.96
M002523,102810.78
M002524,69277.88
M002525,5904.79
M002526,12818.91
M002527,232.03
M002528,519.13
M002529,59022.66
M002530,3815.46
M002531,462.95
M002532,6738.1
M002533,56541.34
M002534,2782.48
M002535,3405.48
M002536,3391.51
M002537,5630.14
M002538,4583.18
M002539,104353.31
M002540,1922.29
M002541,1447.85
M002542,260.2
M002543,3460.03
M002544,1192.46
M002545,980.57
M002546,4803.75
M002547,2162.23
M002548,4902.3
M002549,2559.08
M002550,516.03
M002551,6298.16
M002552,9758.5
M002553,14792.29
M002554,38.38
M002555,26544.91
M002556,26278.97
M002557,20218.24
M002558,572.86
M002559,14082.1
M002560,230828.56
M002561,3393.0
M002562,931.48
M002563,2872.57
M002564,2206.52
M002565,103519.62
M002566,575.49
M002567,4193.18
M002568,479.4
M002569,8583.67
M002570,2837.02
M002571,57063.16
M002572,1878.09
M002573,138.01
M002574,15200.72
M002575,185.36
M002576,945.73
M002577,521.7
M002578,3379.67
M002579,702.85
M002580,233967.7
M002581,1915.35
M002582,2371.32
M002583,179.58
M002584,648.79
M002585,36974.28
M002586,1255.41
M002587,13775.94
M002588,19075.57
M002589,785.73
M002590,4216.77
M002591,21542.57
M002592,3996.32
M002593,97.73
M002594,57925.33
M002595,86468.83
M002596,583220.46
M002597,142716.87
M002598,883.4
M002599,355.67
M002600,1455.14
M002601,519.99
M002602,1674.52
M002603,4806.26
M002604,423.06
M002605,36860.43
M002606,5311.49
M002607,94257.33
M002608,12039.86
M002609,889.63
M002610,839.48
M002611,2398.33
M002612,67.7
M002613,16353.31
M002614,1814.56
M002615,15.43
M002616,210584.66
M002617,23808.67
M002618,1810.85
M002619,85.45
M002620,5813.31
M002621,445.33
M002622,881.06
M002623,20658.89
M002624,23273.81
M002625,440.31
M002626,187.61
M002627,163952.49
M002628,581.06
M002629,4031.14
M002630,11381.71
M002631,1632.99
M002632,390.38
M002633,47553.49
M002634,530.12
M002635,26584.49
M002636,901.38
M002637,2324.48
M002638,144.98
M002639,16193.95
M002640,2586.84
M002641,55921.16
M002642,5787.13
M002643,209.73
M002644,2419.32
M002645,2912.75
M002646,13143.39
M002647,5805.74
M002648,17626.15
M002649,85370.78
M002650,851.92
M002651,26250.59
M002652,2905.47
M002653,8394.05
M002654,2018.95
M002655,2340.61
M002656,54692.1
M002657,46394.35
M002658,1509.41
M002659,54387.85
M002660,5690.79
M002661,1968.77
M002662,8056.68
M002663,1239.88
M002664,15600.19
M002665,25338.67
M002666,2330.61
M002667,309.94
M002668,126.93
M002669,335464.4
M002670,3722.3
M002671,630.86
M002672,797.08
M002673,24174.16
M002674,1291.83
M002675,144.58
M002676,5764.93
M002677,1453.16
M002678,1102.38
M002679,867.35
M002680,14.94
M002681,1272.3
M002682,59550.47
M002683,417.68
M002684,2319.22
M002685,9916.7
M002686,1468.18
M002687,4980.08
M002688,659.89
M002689,2122.13
M002690,161467.17
M002691,548433.42
M002692,5013.55
M002693,53.25
M002694,7938.97
M002695,108769.56
M002696,464.85
M002697,521.86
M002698,11912.36
M002699,4394.97
M002700,2175.71
M002701,6684.18
M002702,3303.05
M002703,17345.7
M002704,3151.85
M002705,5916.3
M002706,23799.55
M002707,1594.8
M002708,1141.6
M002709,90614.31
M002710,1251.44
M002711,1399.03
M002712,125.68
M002713,152.25
M002714,1072.2
M002715,1903.53
M002716,119.02
M002717,48538.39
M002718,5042.53
M002719,69346.13
M002720,202989.05
M002721,551427.28
M002722,804612.34
M002723,54.76
M002724,2576.22
M002725,1979.09
M002726,155.21
M002727,24672.14
M002728,7459.64
M002729,103286.41
M002730,84297.26
M002731,5638.5
M002732,25049.95
M002733,118.42
M002734,49.3
M002735,467.71
M002736,2040.07
M002737,2540677.11
M002738,1667.66
M002739,12074.67
M002740,56339.78
M002741,13904.01
M002742,8373.02
M002743,638.6
M002744,2073.0
M002745,473.65
M002746,50411.39
M002747,11202.38
M002748,12326.25
M002749,179646.7
M002750,242.12
M002751,5208.91
M002752,1910.26
M002753,7998.26
M002754,2953.8
M002755,35.19
M002756,3741.67
M002757,3626.84
M002758,85437.19
M002759,42576.0
M002760,369.03
M002761,140.19
M002762,21892.59
M002763,933.25
M002764,5631.75
M002765,4.01
M002766,230.75
M002767,17441.43
M002768,72.65
M002769,107310.7
M002770,1589.86
M002771,19638.16
M002772,1377.2
M002773,33089.2
M002774,123.64
M002775,1137.07
M002776,15007.13
M002777,3044.44
M002778,29583.34
M002779,70188.2
M002780,85.43
M002781,54210.09
M002782,4470.19
M002783,449689.56
M002784,2714.94
M002785,94.79
M002786,14068.84
M002787,1555.0
M002788,8745.16
M002789,769.59
M002790,2070.2
M002791,3161.85
M002792,1390.65
M002793,5391.37
M002794,4.74
M002795,232.71
M002796,8902.34
M002797,97708.21
M002798,759.91
M002799,929.38
M002800,59184.53
M002801,18617.76
M002802,287.28
M002803,6436.69
M002804,227.13
M002805,94582.06
M002806,18352.7
M002807,12643.41
M002808,24653.42
M002809,17136.62
M002810,7303.81
M002811,10405.87
M002812,2673.55
M002813,42604.96
M002814,286.76
M002815,12966.56
M002816,1514.36
M002817,435.98
M002818,48750.04
M002819,8481.68
M002820,5581.4
M002821,1509.98
M002822,2677.91
M002823,30209.77
M002824,52316.76
M002825,8775.7
M002826,9030.02
M002827,129559.84
M002828,1284197.55
M002829,44394.2
M002830,5722.3
M002831,652.69
M002832,1151.88
M002833,92751.65
M002834,158.02
M002835,4149.27
M002836,6550.76
M002837,80.69
M002838,1118.45
M002839,8572.1
M002840,79280.51
M002841,921.58
M002842,171.26
M002843,2140.55
M002844,51427.04
M002845,1754.58
M002846,2379.08
M002847,1381.26
M002848,183.64
M002849,792.25
M002850,1090.41
M002851,4887.01
M002852,724.65
M002853,2960.71
M002854,10219.92
M002855,144.05
M002856,55.85
M002857,734.33
M002858,90582.34
M002859,477.53
M002860,10485.25
M002861,866.16
M002862,151693.24
M002863,1633.81
M002864,35.52
M002865,68.11
M002866,5652.06
M002867,34633.6
M002868,1896.59
M002869,88724.11
M002870,6238.84
M002871,21704.96
M002872,560093.74
M002873,62135.77
M002874,3258.22
M002875,64213.81
M002876,883.48
M002877,12939.21
M002878,4768.5
M002879,74194.97
M002880,455.83
M002881,499.01
M002882,1530.69
M002883,4428.35
M002884,3814.29
M002885,4361.63
M002886,107.24
M002887,14085.91
M002888,2343.97
M002889,133725.59
M002890,2508.41
M002891,2012.1
M002892,2758.3
M002893,10547.21
M002894,395.93
M002895,160.39
M002896,175.34
M002897,67.28
M002898,6778.59
M002899,575972.49
M002900,210.89
M002901,3230.2
M002902,1384592.94
M002903,4306.63
M002904,28365.02
M002905,165.42
M002906,4959.21
M002907,139050.07
M002908,149780.86
M002909,1193.13
M002910,8554.62
M002911,14822.54
M002912,485.29
M002913,775.84
M002914,42.74
M002915,192623.84
M002916,1701.38
M002917,330.55
M002918,13961.02
M002919,3710.55
M002920,3662.32
M002921,116453.75
M002922,3164.91
M002923,809.23
M002924,5816.25
M002925,272.75
M002926,8540.99
M002927,6910.38
M002928,265825.93
M002929,1672.8
M002930,13.37
M002931,886.28
M002932,6.27
M002933,297262.37
M002934,118.91
M002935,276420.87
M002936,2353.51
M002937,2689.52
M002938,17438.67
M002939,94.54
M002940,2305.43
M002941,1010.98
M002942,3912.99
M002943,2728.98
M002944,1156.63
M002945,1087.61
M002946,12519.55
M002947,2866.83
M002948,17420.46
M002949,17141.03
M002950,8709.14
M002951,768.49
M002952,80.47
M002953,140557.32
M002954,1431.44
M002955,242.88
M002956,36453.61
M002957,28870.96
M002958,235.68
M002959,4223.59
M002960,18425.34
M002961,667.51
M002962,42537.09
M002963,120050.36
M002964,123401.42
M002965,83129.31
M002966,1748.96
M002967,16580.64
M002968,2969.35
M002969,19565.15
M002970,10027.03
M002971,9092.29
M002972,3495.71
M002973,170382.22
M002974,654.75
M002975,8965.33
M002976,189.45
M002977,2096.6
M002978,65432.75
M002979,529501.14
M002980,10655.34
M002981,94330.34
M002982,3537.9
M002983,14847.73
M002984,3434.63
M002985,13887.57
M002986,42248.43
M002987,31862.21
M002988,52127.35
M002989,32809.24
M002990,24.62
M002991,1303.56
M002992,715.48
M002993,8373.02
M002994,596157.29
M002995,1453.7
M002996,3748.72
M002997,1.72
M002998,10523.54
M002999,181739.99
M003000,7688.55
M003001,1130.37
M003002,73495.74
M003003,26334.08
M003004,641.45
M003005,13181.06
M003006,9551.08
M003007,2524.12
M003008,310055.42
M003009,21943.52
M003010,224.57
M003011,28545.01
M003012,14155.2
M003013,767.75
M003014,22362.83
M003015,51.94
M003016,17673.43
M003017,8732.25
M003018,2697.6
M003019,94002.0
M003020,17946.74
M003021,2985.41
M003022,508.91
M003023,881.04
M003024,73.45
M003025,7779.53
M003026,99460.01
M003027,6193.64
M003028,150.85
M003029,639.69
M003030,1550.83
M003031,26.99
M003032,2679.61
M003033,8021.31
M003034,12277.27
M003035,38699.16
M003036,387.69
M003037,4640.76
M003038,2030.33
M003039,970172.01
M003040,147.27
M003041,4345.78
M003042,3305.92
M003043,41.84
M003044,94060.86
M003045,11189.33
M003046,582.28
M003047,5199.67
M003048,73.28
M003049,44042.34
M003050,8337.78
M003051,20876.55
M003052,468441.95
M003053,6370.21
M003054,209.66
M003055,9061.65
M003056,55.26
M003057,688.41
M003058,320.35
M003059,71764.64
M003060,64354.53
M003061,42.38
M003062,20105.23
M003063,466.52
M003064,46563.17
M003065,316820.1
M003066,39.92
M003067,1071.78
M003068,4163.39
M003069,99.92
M003070,339.35
M003071,812.47
M003072,924.8
M003073,3.23
M003074,18829.78
M003075,22910.64
M003076,86121.34
M003077,7498.21
M003078,32442.45
M003079,457.37
M003080,1370.97
M003081,163.09
M003082,46469.21
M003083,109991.24
M003084,20445.31
M003085,36738.42
M003086,4413.8
M003087,381737.82
M003088,100098.13
M003089,97778.04
M003090,7977.78
M003091,24673.52
M003092,130.43
M003093,191262.95
M003094,5101.02
M003095,329.77
M003096,1954.9
M003097,842.42
M003098,202125.62
M003099,22.21
M003100,1639.25
M003101,22136.87
M003102,7655.8
M003103,4620.35
M003104,53404.98
M003105,251342.5
M003106,90868.17
M003107,3622.16
M003108,42072.3
M003109,11826.1
M003110,2817.59
M003111,2168.03
M003112,37629.64
M003113,41526.12
M003114,3487.81
M003115,88.36
M003116,158972.87
M003117,1137.35
M003118,100712.88
M003119,416.49
M003120,59.42
M003121,1385.18
M003122,13460.58
M003123,2536.92
M003124,158346.15
M003125,11594.58
M003126,22003.46
M003127,23645.26
M003128,21147.81
M003129,8315.82
M003130,34807.39
M003131,77566.51
M003132,9820.01
M003133,77959.18
M003134,4069.39
M003135,6833.01
M003136,16644.09
M003137,260.61
M003138,18258.05
M003139,511.54
M003140,37380.99
M003141,497.4
M003142,7262.21
M003143,1894993.04
M003144,14036.52
M003145,509.79
M003146,15386.54
M003147,3381.78
M003148,38256.19
M003149,8386.86
M003150,4610.73
M003151,3683.39
M003152,4304.31
M003153,152.47
M003154,5078.28
M003155,5737.59
M003156,1246.82
M003157,2236.24
M003158,797202.52
M003159,4903.62
M003160,2494.24
M003161,1313.68
M003162,259.36
M003163,768.17
M003164,11945.61
M003165,29777.47
M003166,140.49
M003167,13329.62
M003168,264.0
M003169,14765.94
M003170,1225.34
M003171,498644.0
M003172,3366.45
M003173,4883.51
M003174,3026.57
M003175,18235.76
M003176,108.21
M003177,48245.8
M003178,7714.52
M003179,37544.58
M003180,131.02
M003181,368.94
M003182,1560.92
M003183,19754.73
M003184,6583.37
M003185,2513.86
M003186,7846.33
M003187,254.27
M003188,66149.28
M003189,673.85
M003190,52846.03
M003191,596.8
M003192,57.7
M003193,9889.9
M003194,112.48
M003195,842.41
M003196,638243.34
M003197,202.65
M003198,6298.15
M003199,2953.06
M003200,2764.41
M003201,217.02
M003202,586476.69
M003203,3659.49
M003204,896.95
M003205,30916.1
M003206,244.77
M003207,6455.78
M003208,7556.79
M003209,1904.57
M003210,142.92
M003211,1855.11
M003212,3372.8
M003213,197.97
M003214,25.35
M003215,34891.92
M003216,411.8
M003217,421.59
M003218,320.93
M003219,1577.27
M003220,5728.8
M003221,335882.65
M003222,13663.41
M003223,137.5
M003224,472.28
M003225,246.87
M003226,74237.13
M003227,762.5
M003228,9287.47
M003229,1425.34
M003230,1727.3
M003231,2462.63
M003232,55321.84
M003233,2043.52
M003234,175450.81
M003235,127.79
M003236,684287.35
M003237,51106.81
M003238,8806.01
M003239,14097.55
M003240,3924.73
M003241,289.73
M003242,220.1
M003243,9388.24
M003244,1700.38
M003245,34.84
M003246,39.7
M003247,21945.64
M003248,692.91
M003249,2710.02
M003250,6908.67
M003251,2398.16
M003252,969.9
M003253,4333.29
M003254,636.87
M003255,293.89
M003256,430.56
M003257,140.8
M003258,522.49
M003259,86317.73
M003260,10241.67
M003261,23985.52
M003262,6145.32
M003263,61579.53
M003264,268.94
M003265,444.36
M003266,5720.95
M003267,579992.32
M003268,5244.4
M003269,756.24
M003270,15589.75
M003271,27014.71
M003272,106599.7
M003273,88644.25
M003274,116675.65
M003275,11296.25
M003276,795.54
M003277,1008.3
M003278,46.3
M003279,2358.48
M003280,60.99
M003281,6097.55
M003282,30545.38
M003283,1546.5
M003284,1397.47
M003285,2640.94
M003286,21439.94
M003287,479.87
M003288,6309.51
M003289,743.82
M003290,597.65
M003291,38.22
M003292,154631.2
M003293,2063.31
M003294,13621.54
M003295,169.39
M003296,101.28
M003297,19.24
M003298,7053.49
M003299,7455.35
M003300,104.11
M003301,28609.85
M003302,56208.35
M003303,860.91
M003304,19155.05
M003305,79908.0
M003306,2817.34
M003307,680.34
M003308,1826.19
M003309,254.88
M003310,43.11
M003311,147.29
M003312,175.64
M003313,12331.02
M003314,326.18
M003315,56.39
M003316,12.67
M003317,1679.21
M003318,31139.89
M003319,1863.35
M003320,5702.23
M003321,10521.94
M003322,1953.21
M003323,131574.29
M003324,18959.83
M003325,3874.78
M003326,481.56
M003327,61937.71
M003328,2505.96
M003329,9052.1
M003330,1956.72
M003331,8742.34
M003332,16159.27
M003333,82006.94
M003334,297.43
M003335,35.92
M003336,100.19
M003337,29596.05
M003338,17478.85
M003339,49.07
M003340,18473.78
M003341,2741.22
M003342,52389.75
M003343,670.83
M003344,95.63
M003345,386.23
M003346,186958.47
M003347,1456221.82
M003348,23030.18
M003349,2636.75
M003350,237347.31
M003351,4631.56
M003352,2632.47
M003353,108568.69
M003354,88.68
M003355,106351.23
M003356,6362.22
M003357,9410.32
M003358,5897.52
M003359,530.29
M003360,198.0
M003361,3025.32
M003362,2588.56
M003363,1290.79
M003364,166246.44
M003365,13437.46
M003366,5.79
M003367,63531.87
M003368,179.94
M003369,41639.02
M003370,61239.87
M003371,7144.3
M003372,1117.13
M003373,68.43
M003374,267371.01
M003375,314.64
M003376,518.62
M003377,2136.7
M003378,5826.48
M003379,13402.99
M003380,283.66
M003381,148.17
M003382,91578.54
M003383,2664.55
M003384,790.92
M003385,63637.62
M003386,198.96
M003387,3146.58
M003388,99.25
M003389,1905.3
M003390,12260.74
M003391,2647.68
M003392,160844.41
M003393,1496.63
M003394,25862.57
M003395,7641.0
M003396,33937.13
M003397,25.3
M003398,180796.33
M003399,287.12
M003400,259.72
M003401,1076.59
M003402,1681.57
M003403,10146.84
M003404,2682.12
M003405,3155.07
M003406,266.06
M003407,444.21
M003408,1504.17
M003409,962.66
M003410,172.63
M003411,2750.79
M003412,35868.96
M003413,1184.77
M003414,11597.6
M003415,159502.81
M003416,147.63
M003417,5165.18
M003418,242.48
M003419,26411.79
M003420,317.31
M003421,823.09
M003422,9218.01
M003423,10.34
M003424,3400.36
M003425,41381.64
M003426,171.49
M003427,1340.44
M003428,1022.66
M003429,641.65
M003430,4821.44
M003431,3871.5
M003432,10620.14
M003433,1605.48
M003434,17675.1
M003435,494.54
M003436,21291.99
M003437,3347.67
M003438,546.62
M003439,313.51
M003440,7839.81
M003441,1268.7
M003442,39542.54
M003443,66772.93
M003444,40022.17
M003445,1216.65
M003446,1593.05
M003447,678.0
M003448,23334.84
M003449,105650.76
M003450,3935.76
M003451,178.95
M003452,1084.4
M003453,1946.17
M003454,704.48
M003455,2621.45
M003456,13.89
M003457,130356.29
M003458,31327.48
M003459,226.41
M003460,10406.05
M003461,69937.39
M003462,2702.24
M003463,7420.95
M003464,503.09
M003465,6627.14
M003466,19292.97
M003467,406.26
M003468,4870.98
M003469,13048.75
M003470,9334.39
M003471,17365.78
M003472,2296.95
M003473,807.1
M003474,5499.23
M003475,660.94
M003476,17607.24
M003477,1618.17
M003478,13167.08
M003479,11852.53
M003480,77260.66
M003481,1609.07
M003482,6246.67
M003483,1492.13
M003484,666.87
M003485,5199.57
M003486,604.64
M003487,15.72
M003488,166.86
M003489,1894.4
M003490,86.72
M003491,460.56
M003492,16768.63
M003493,6404.05
M003494,138723.78
M003495,16973.18
M003496,1311.15
M003497,11355.93
M003498,265.61
M003499,186.61
M003500,33.56
M003501,121.59
M003502,40961.13
M003503,629.5
M003504,6636.82
M003505,109.95
M003506,5515.82
M003507,1029.56
M003508,585.57
M003509,51.04
M003510,11677.18
M003511,39597.61
M003512,14350.79
M003513,630.09
M003514,1534.13
M003515,31066.42
M003516,991.82
M003517,14.5
M003518,58.7
M003519,34.16
M003520,5695.54
M003521,2977.12
M003522,53909.63
M003523,19662.24
M003524,50962.38
M003525,725.83
M003526,9534.89
M003527,1064.14
M003528,19395.52
M003529,418.36
M003530,1761.45
M003531,248223.09
M003532,83278.85
M003533,3436.77
M003534,312.84
M003535,132.88
M003536,73125.17
M003537,62.96
M003538,22330.23
M003539,331.87
M003540,3855.04
M003541,2017.27
M003542,4152.05
M003543,551.65
M003544,37219.72
M003545,15609.1
M003546,1118.94
M003547,202.56
M003548,18875.76
M003549,60.95
M003550,6455.1
M003551,3323.23
M003552,2612.79
M003553,28.46
M003554,73610.25
M003555,526.28
M003556,3001.98
M003557,2136.21
M003558,5977.83
M003559,4515.66
M003560,59185.22
M003561,8958.5
M003562,1063.75
M003563,3241.17
M003564,24.45
M003565,2312.99
M003566,17228.64
M003567,2407.32
M003568,3.49
M003569,3623.45
M003570,393.49
M003571,10297.08
M003572,396313.11
M003573,20572.0
M003574,44596.82
M003575,242990.45
M003576,12288.84
M003577,785.54
M003578,103782.37
M003579,273.45
M003580,5982.76
M003581,2703.69
M003582,146962.81
M003583,179.09
M003584,20626.13
M003585,201.46
M003586,1546.51
M003587,116.63
M003588,1193.61
M003589,5986.56
M003590,70.57
M003591,2478.97
M003592,131.64
M003593,169.82
M003594,175.22
M003595,16213.66
M003596,607.09
M003597,6833.89
M003598,24489.51
M003599,92334.29
M003600,289.49
M003601,19959.69
M003602,443.3
M003603,2906.03
M003604,43617.75
M003605,14770.16
M003606,11000.44
M003607,696.48
M003608,8789.9
M003609,3164.16
M003610,519.86
M003611,1508.16
M003612,463.71
M003613,26565.79
M003614,16216.55
M003615,769.78
M003616,259.09
M003617,10692.95
M003618,388.89
M003619,1405.59
M003620,563.44
M003621,43281.93
M003622,7904.66
M003623,1330.75
M003624,4089.55
M003625,694.16
M003626,250647.01
M003627,11088.5
M003628,141.39
M003629,5072.4
M003630,15343.63
M003631,3696.9
M003632,3915.56
M003633,16126.99
M003634,2997.14
M003635,1943.17
M003636,818.64
M003637,10777.8
M003638,9251.4
M003639,366383.49
M003640,32595.2
M003641,575.88
M003642,338512.03
M003643,7153.67
M003644,912.61
M003645,1944.2
M003646,10290.68
M003647,21577.55
M003648,573.35
M003649,275.56
M003650,2780.31
M003651,330673.84
M003652,1290.13
M003653,24584.94
M003654,2485.85
M003655,5748.28
M003656,654.85
M003657,1211.83
M003658,23.67
M003659,2424.59
M003660,737.92
M003661,1273.64
M003662,15789.2
M003663,920.04
M003664,56541.62
M003665,3649.49
M003666,523.82
M003667,4661.93
M003668,18983.79
M003669,1235.33
M003670,6307.95
M003671,267.8
M003672,13029.78
M003673,3352.52
M003674,1210.81
M003675,325075.75
M003676,5046.57
M003677,5566.84
M003678,12998.03
M003679,9865.61
M003680,230.89
M003681,4475.36
M003682,23016.71
M003683,3875.3
M003684,146.64
M003685,1457.11
M003686,6516.2
M003687,324922.14
M003688,1590.4
M003689,76.67
M003690,108.61
M003691,8438.92
M003692,279.15
M003693,14644.72
M003694,21415.45
M003695,3243.61
M003696,14751.84
M003697,17215.47
M003698,9245.43
M003699,15.45
M003700,3874.65
M003701,7650.23
M003702,105.33
M003703,7963.85
M003704,46497.23
M003705,332.25
M003706,14094.29
M003707,66374.95
M003708,15655.0
M003709,77019.2
M003710,964.91
M003711,4138.5
M003712,668.15
M003713,49.16
M003714,540724.99
M003715,1597.47
M003716,1408.07
M003717,4792.81
M003718,1710.48
M003719,71.36
M003720,5321.63
M003721,5362.1
M003722,74.84
M003723,879.82
M003724,102752.25
M003725,9333.06
M003726,182.38
M003727,1034.74
M003728,392.97
M003729,18237.75
M003730,327.48
M003731,2308.59
M003732,3530.72
M003733,16.72
M003734,306121.02
M003735,22322.29
M003736,2913.62
M003737,1731.72
M003738,2667.3
M003739,5680.28
M003740,797.13
M003741,5734.93
M003742,10282.78
M003743,11202.45
M003744,599.39
M003745,26807.28
M003746,10192.84
M003747,10937.96
M003748,40608.56
M003749,4322.09
M003750,28204.66
M003751,42639.59
M003752,81.8
M003753,1682.66
M003754,26621.17
M003755,111237.23
M003756,1388.03
M003757,33159.25
M003758,4932.83
M003759,1736.49
M003760,6700.16
M003761,219645.23
M003762,822.71
M003763,2031.67
M003764,185.19
M003765,4080.03
M003766,40449.92
M003767,7366.14
M003768,23676.02
M003769,13071.67
M003770,14698.26
M003771,7079.17
M003772,611.02
M003773,33414.85
M003774,16780.69
M003775,157.72
M003776,402.29
M003777,35994.92
M003778,377945.93
M003779,170.96
M003780,2306.63
M003781,124786.56
M003782,63.68
M003783,49.1
M003784,4142.37
M003785,873.21
M003786,166999.4
M003787,67.51
M003788,74.4
M003789,129.97
M003790,7207.59
M003791,1605.89
M003792,79.09
M003793,14488.99
M003794,1751.03
M003795,34941.42
M003796,22789.23
M003797,52691.32
M003798,139880.13
M003799,112002.12
M003800,231.31
M003801,26449.67
M003802,12093.68
M003803,5906.64
M003804,14240.72
M003805,18598.92
M003806,139.86
M003807,12104.56
M003808,397.69
M003809,126.16
M003810,234.99
M003811,1418.18
M003812,794.81
M003813,3832.43
M003814,36238.8
M003815,48404.8
M003816,6024.49
M003817,3549.46
M003818,1126.62
M003819,5970.13
M003820,2540.71
M003821,86.03
M003822,160.66
M003823,14.32
M003824,28661.13
M003825,30.5
M003826,6440.44
M003827,9597.38
M003828,55.33
M003829,770.44
M003830,886.47
M003831,3715.83
M003832,19170.31
M003833,458.73
M003834,9729.53
M003835,102.29
M003836,8689.09
M003837,40848.66
M003838,3076.27
M003839,555.65
M003840,380205.47
M003841,12793.92
M003842,620.61
M003843,1378.28
M003844,5.09
M003845,12791.01
M003846,12200.06
M003847,7187.69
M003848,163.37
M003849,10196.77
M003850,379.48
M003851,10715.85
M003852,71672.54
M003853,45.08
M003854,1185.88
M003855,460.65
M003856,458931.15
M003857,7285.6
M003858,753.91
M003859,365.03
M003860,1726.67
M003861,5010.04
M003862,88.04
M003863,69053.9
M003864,383.15
M003865,179.57
M003866,11377.62
M003867,1004.48
M003868,203077.48
M003869,67664.94
M003870,246.56
M003871,542.71
M003872,2194.67
M003873,29725.0
M003874,1533.32
M003875,940.59
M003876,197.53
M003877,1.87
M003878,433.28
M003879,116.16
M003880,267.57
M003881,150825.27
M003882,78327.67
M003883,13800.35
M003884,2145.06
M003885,24356.97
M003886,73.89
M003887,12692.28
M003888,6951.49
M003889,279.71
M003890,1345.6
M003891,34.57
M003892,842.36
M003893,1054.16
M003894,3466.42
M003895,6039.89
M003896,79433.02
M003897,1003.13
M003898,8722.73
M003899,918.68
M003900,21938.76
M003901,1833.66
M003902,6392.61
M003903,1787.7
M003904,488.94
M003905,166183.29
M003906,11106.7
M003907,1011.26
M003908,138.77
M003909,15802.87
M003910,18531.75
M003911,23214.06
M003912,38777.98
M003913,52.18
M003914,15960.09
M003915,3529.33
M003916,31134.78
M003917,199220.46
M003918,415.96
M003919,125.35
M003920,59259.78
M003921,1935.96
M003922,13299.28
M003923,11656.21
M003924,961.09
M003925,3714.63
M003926,675.62
M003927,79.48
M003928,26970.8
M003929,113461.25
M003930,2131.22
M003931,2285.39
M003932,4.98
M003933,241.34
M003934,258627.24
M003935,2048.59
M003936,2312.19
M003937,207273.36
M003938,677.53
M003939,1512.75
M003940,6010.76
M003941,1648.28
M003942,1165.48
M003943,233302.35
M003944,7070.22
M003945,385.62
M003946,11612.58
M003947,22422.07
M003948,377.82
M003949,67362.77
M003950,583.38
M003951,13355.51
M003952,23892.87
M003953,1942.65
M003954,858.35
M003955,1099.37
M003956,10013.42
M003957,551.46
M003958,18303.96
M003959,1040.87
M003960,76792.79
M003961,3007.06
M003962,409.0
M003963,370.49
M003964,1042.84
M003965,25888.29
M003966,5526.65
M003967,7236.93
M003968,173815.02
M003969,14506.49
M003970,69.74
M003971,60.89
M003972,10293.2
M003973,9949.18
M003974,17250.33
M003975,412.42
M003976,185141.32
M003977,8923.13
M003978,2635.19
M003979,5437.09
M003980,324.51
M003981,39679.77
M003982,124517.89
M003983,294984.72
M003984,47580.69
M003985,109.68
M003986,1298.99
M003987,3731.61
M003988,509.07
M003989,1920.54
M003990,318.0
M003991,9455.13
M003992,4864.55
M003993,210277.04
M003994,543634.12
M003995,2639.38
M003996,5483.6
M003997,3159.3
M003998,11827.55
M003999,65.12
M004000,125582.45
M004001,1968.58
M004002,9466.58
M004003,383.96
M004004,1009.45
M004005,12432.74
M004006,53982.3
M004007,106.64
M004008,572.86
M004009,17294.73
M004010,772.55
M004011,215.06
M004012,12801.44
M004013,5189.11
M004014,68763.02
M004015,5203.11
M004016,169173.98
M004017,147620.48
M004018,1131.57
M004019,83588.59
M004020,15332.96
M004021,6560.6
M004022,3341.2
M004023,2721.78
M004024,786.71
M004025,6056.65
M004026,9106.06
M004027,3813.38
M004028,32339.34
M004029,110958.5
M004030,17457.86
M004031,197992.71
M004032,458.51
M004033,2143.87
M004034,3565.81
M004035,69.78
M004036,565.3
M004037,193407.19
M004038,79040.33
M004039,24.07
M004040,21838.86
M004041,14558.09
M004042,647.77
M004043,49185.55
M004044,67243.45
M004045,2712.11
M004046,125.5
M004047,9316.3
M004048,14807.08
M004049,1210.92
M004050,2478.88
M004051,1478.81
M004052,4604.16
M004053,597.75
M004054,17402.41
M004055,1136.99
M004056,1729.68
M004057,776958.21
M004058,18788.13
M004059,1331.17
M004060,3150.89
M004061,3192.71
M004062,1124.97
M004063,70703.13
M004064,33636.59
M004065,1512.76
M004066,802.3
M004067,38800.28
M004068,3183.05
M004069,693.09
M004070,3829.1
M004071,2189.34
M004072,939.06
M004073,107.44
M004074,25310.88
M004075,7785.45
M004076,15367.02
M004077,2661.12
M004078,29198.42
M004079,5245.09
M004080,8943.1
M004081,1708.37
M004082,2486.86
M004083,1008.13
M004084,694.33
M004085,1615218.49
M004086,638.51
M004087,13133.98
M004088,18206.01
M004089,5032.35
M004090,2626.49
M004091,449.82
M004092,998.11
M004093,8317.53
M004094,1702.67
M004095,260.85
M004096,28943.08
M004097,8501.72
M004098,14464.04
M004099,357149.98
M004100,34425.08
M004101,1670.31
M004102,17835.49
M004103,8101.45
M004104,167704.17
M004105,16718.91
M004106,108933.69
M004107,62.42
M004108,715511.54
M004109,104531.87
M004110,21917.45
M004111,13355.89
M004112,25069.2
M004113,3727.25
M004114,7079.63
M004115,117509.16
M004116,25172.92
M004117,2305.63
M004118,861.99
M004119,6632.61
M004120,15524.69
M004121,613.9
M004122,9173.25
M004123,438411.27
M004124,1340.83
M004125,3160.84
M004126,17.04
M004127,16313.75
M004128,941.55
M004129,2021.67
M004130,319.29
M004131,852.69
M004132,19308.18
M004133,3647.12
M004134,20.95
M004135,95989.31
M004136,155.31
M004137,455.97
M004138,6470.33
M004139,6177.73
M004140,432.27
M004141,192.93
M004142,313.6
M004143,4938.09
M004144,25422.26
M004145,654.57
M004146,10043.51
M004147,1973.49
M004148,1216.08
M004149,10391.59
M004150,125615.17
M004151,33874.08
M004152,1338.9
M004153,11972.91
M004154,13394.41
M004155,157279.19
M004156,3019.44
M004157,100272.51
M004158,3283.6
M004159,3321.9
M004160,16670.82
M004161,82.0
M004162,34481.29
M004163,4042.01
M004164,422.2
M004165,20722.58
M004166,990.14
M004167,53.97
M004168,6582.56
M004169,49.11
M004170,12029.46
M004171,1272.53
M004172,6811.92
M004173,914.01
M004174,23993.2
M004175,1581.91
M004176,48109.39
M004177,454.37
M004178,502.31
M004179,1158.85
M004180,61216.65
M004181,2755.27
M004182,6070.47
M004183,90.85
M004184,83.89
M004185,10684.78
M004186,28801.91
M004187,7241.88
M004188,523.17
M004189,2826.04
M004190,48532.93
M004191,2091.5
M004192,1834.12
M004193,155.75
M004194,2865.14
M004195,1164.07
M004196,25750.11
M004197,14627.26
M004198,901.16
M004199,4422.65
M004200,33480.08
M004201,731.3
M004202,11869.84
M004203,14617.62
M004204,1470.68
M004205,1674.42
M004206,2265.44
M004207,3790.74
M004208,719.2
M004209,94275.05
M004210,1769.85
M004211,163131.67
M004212,3194.05
M004213,1514.81
M004214,2412.83
M004215,1902.07
M004216,1254.6
M004217,10231.34
M004218,377.55
M004219,2277.83
M004220,22967.12
M004221,5186.33
M004222,730.22
M004223,124.83
M004224,292484.15
M004225,27630.15
M004226,19916.55
M004227,38954.82
M004228,1263104.54
M004229,9510.17
M004230,126591.78
M004231,439.31
M004232,133169.66
M004233,8262.2
M004234,56256.98
M004235,1372.84
M004236,77098.75
M004237,11105.05
M004238,4646.25
M004239,10584.36
M004240,9.59
M004241,932.5
M004242,8471.13
M004243,448919.72
M004244,53987.79
M004245,65903.01
M004246,2901.04
M004247,1459.3
M004248,31389.63
M004249,6103.88
M004250,11854.51
M004251,5251.69
M004252,33979.06
M004253,156024.85
M004254,710.82
M004255,56945.56
M004256,10542.01
M004257,282.99
M004258,20716.92
M004259,3369.81
M004260,13067.5
M004261,4886.67
M004262,2302.85
M004263,3235.93
M004264,1710.62
M004265,2495.5
M004266,8652.16
M004267,1402.24
M004268,9498.74
M004269,133283.73
M004270,14091.47
M004271,202.4
M004272,570335.81
M004273,215.74
M004274,94.3
M004275,20879.33
M004276,488.06
M004277,1505.8
M004278,280.42
M004279,1381.2
M004280,2829.62
M004281,254.66
M004282,26814.55
M004283,19420.07
M004284,3279.17
M004285,12641.29
M004286,272.26
M004287,679.73
M004288,1963.9
M004289,3513.92
M004290,626.48
M004291,814.96
M004292,3451.57
M004293,2279.47
M004294,48604.25
M004295,8803.61
M004296,33341.91
M004297,679.81
M004298,53233.93
M004299,6819.5
M004300,3724.41
M004301,12963.55
M004302,805.12
M004303,3767.51
M004304,11224.91
M004305,33.06
M004306,2053.74
M004307,182.82
M004308,2247.9
M004309,30786.68
M004310,9338.4
M004311,18479.64
M004312,1835.95
M004313,57665.44
M004314,4175708.37
M004315,1152.75
M004316,4512.8
M004317,3744.22
M004318,38865.72
M004319,4256.87
M004320,7324.03
M004321,2911.14
M004322,379.1
M004323,21826.36
M004324,7513.16
M004325,1063.95
M004326,27237.19
M004327,4330.5
M004328,15924.37
M004329,2442.33
M004330,1877.56
M004331,16781.32
M004332,9378.94
M004333,33773.96
M004334,47015.74
M004335,485.94
M004336,1687.0
M004337,148981.76
M004338,86256.54
M004339,56.21
M004340,383706.88
M004341,196.94
M004342,32467.07
M004343,156.42
M004344,835.15
M004345,3384.94
M004346,1439.77
M004347,40737.67
M004348,107426.33
M004349,1838.31
M004350,18215.15
M004351,9109.69
M004352,9029.08
M004353,3669.29
M004354,1419.35
M004355,973.38
M004356,7242.35
M004357,3068.41
M004358,1011.47
M004359,3302.06
M004360,118.18
M004361,542.91
M004362,6560.19
M004363,170.16
M004364,2045.49
M004365,2578.9
M004366,12581.47
M004367,6619.46
M004368,431.64
M004369,36699.48
M004370,58523.35
M004371,563.97
M004372,1013.07
M004373,328.2
M004374,18214.09
M004375,4767.11
M004376,17997.29
M004377,4393.96
M004378,99898.62
M004379,131460.96
M004380,2755.37
M004381,3221.5
M004382,970.41
M004383,4045.71
M004384,1970.19
M004385,126758.95
M004386,33665.83
M004387,2935.41
M004388,833.39
M004389,94262.05
M004390,9580.75
M004391,58031.65
M004392,4857.63
M004393,12709.35
M004394,176.1
M004395,2225.33
M004396,56252.6
M004397,5151.8
M004398,306198.28
M004399,287.7
M004400,40.33
M004401,129282.5
M004402,1487.16
M004403,43423.6
M004404,2482.21
M004405,11081.61
M004406,3275.18
M004407,5547.2
M004408,5386.51
M004409,314.19
M004410,7184.54
M004411,56.43
M004412,29669.18
M004413,900.17
M004414,348.12
M004415,32214.54
M004416,28449.25
M004417,668.11
M004418,6066.69
M004419,411.4
M004420,13210.66
M004421,41750.93
M004422,106.47
M004423,58594.15
M004424,275.55
M004425,11291.68
M004426,10046.26
M004427,1292.25
M004428,17440.02
M004429,40468.41
M004430,4528.09
M004431,52991.6
M004432,190.67
M004433,18475.87
M004434,153.19
M004435,181765.0
M004436,81.13
M004437,5186.0
M004438,7438.54
M004439,1857.32
M004440,2073.52
M004441,34884.24
M004442,2400.19
M004443,6412.7
M004444,47807.53
M004445,2079.83
M004446,123071.64
M004447,9141.79
M004448,286736.03
M004449,50394.61
M004450,32846.09
M004451,26054.57
M004452,50020.11
M004453,42987.97
M004454,32383.38
M004455,66549.71
M004456,100828.55
M004457,64249.53
M004458,349.17
M004459,14856.22
M004460,60365.98
M004461,159.16
M004462,6289.57
M004463,6393.85
M004464,994.51
M004465,804.96
M004466,32986.08
M004467,45367.82
M004468,4794.1
M004469,242.41
M004470,79539.52
M004471,15908.31
M004472,10980.94
M004473,52.71
M004474,1031.67
M004475,531.15
M004476,3016.9
M004477,932.79
M004478,26787.09
M004479,2397.25
M004480,4861.17
M004481,4359.26
M004482,2236.56
M004483,2180.23
M004484,295629.25
M004485,1438.73
M004486,70696.29
M004487,388.54
M004488,720.5
M004489,805.12
M004490,1058.03
M004491,22767.53
M004492,397317.5
M004493,10654.08
M004494,3792.84
M004495,48956.84
M004496,38329.4
M004497,792.47
M004498,127.34
M004499,54.34
M004500,22701.49
M004501,3836.81
M004502,540.47
M004503,9141.26
M004504,6306.62
M004505,392064.34
M004506,5019.59
M004507,43081.66
M004508,12566.23
M004509,3204.56
M004510,22448.88
M004511,41600.44
M004512,71.8
M004513,12259.75
M004514,286.98
M004515,4558.27
M004516,2483.0
M004517,7303.44
M004518,1336.84
M004519,12101.1
M004520,60275.36
M004521,221940.34
M004522,795.49
M004523,600.1
M004524,1549.91
M004525,1136106.68
M004526,18154.59
M004527,1187.91
M004528,41695.31
M004529,11484.7
M004530,5995.74
M004531,43461.28
M004532,1055.21
M004533,19119.94
M004534,871.5
M004535,4720.67
M004536,12146.72
M004537,3288.14
M004538,1895.8
M004539,1592.15
M004540,69433.34
M004541,13200.19
M004542,6865.73
M004543,191.22
M004544,165706.36
M004545,6412.77
M004546,25395.93
M004547,5049.36
M004548,1792.16
M004549,946.74
M004550,112114.07
M004551,253.25
M004552,139.92
M004553,143.22
M004554,46.35
M004555,3597.82
M004556,3735.99
M004557,2574.61
M004558,288.32
M004559,3092.52
M004560,675032.91
M004561,106544.37
M004562,2851.68
M004563,787.54
M004564,12892.59
M004565,4169.31
M004566,6751.41
M004567,1206.96
M004568,21.93
M004569,867591.58
M004570,2091.43
M004571,2863.22
M004572,90.25
M004573,527.86
M004574,1499.96
M004575,15325.91
M004576,72250.16
M004577,3854.55
M004578,4234.95
M004579,82897.96
M004580,841.25
M004581,20180.92
M004582,476.05
M004583,687.87
M004584,13648.03
M004585,1928.27
M004586,14920.55
M004587,66334.76
M004588,23659.24
M004589,78174.68
M004590,10652.43
M004591,3240.57
M004592,1097.06
M004593,1686.59
M004594,81.04
M004595,4107.2
M004596,3448.12
M004597,644.1
M004598,447.24
M004599,4469.54
M004600,3231.88
M004601,17690.38
M004602,19921.08
M004603,11441.33
M004604,2293.71
M004605,6198.73
M004606,25533.13
M004607,9065.02
M004608,103.59
M004609,1708.37
M004610,126.1
M004611,1579.91
M004612,1265.5
M004613,287404.77
M004614,2052.03
M004615,84886.04
M004616,26265.12
M004617,140344.73
M004618,109981.12
M004619,92704.34
M004620,5759.82
M004621,13720.82
M004622,2623.86
M004623,215.02
M004624,2847.11
M004625,6008.71
M004626,158.95
M004627,82.79
M004628,5758.19
M004629,1754.6
M004630,629.12
M004631,96309.73
M004632,77.73
M004633,4244.55
M004634,464703.03
M004635,8473.54
M004636,1096.16
M004637,333578.13
M004638,852.38
M004639,13775.97
M004640,2953.3
M004641,152582.9
M004642,16051.36
M004643,979.47
M004644,3001.35
M004645,6529.13
M004646,194.88
M004647,4209.56
M004648,101038.07
M004649,1709.91
M004650,103094.35
M004651,9664.1
M004652,55817.9
M004653,895.09
M004654,91907.37
M004655,5339.85
M004656,43.69
M004657,8387.3
M004658,36205.61
M004659,4537.24
M004660,16411.09
M004661,24.94
M004662,450.22
M004663,185.59
M004664,82.91
M004665,293.08
M004666,35631.23
M004667,15817.84
M004668,1809.52
M004669,537.56
M004670,2918.57
M004671,3195.19
M004672,22678.38
M004673,22394.55
M004674,39444.31
M004675,626.09
M004676,95.12
M004677,12075.28
M004678,9889.63
M004679,101167.13
M004680,504.01
M004681,2474.58
M004682,842.32
M004683,69870.83
M004684,4322.84
M004685,31915.41
M004686,7602.34
M004687,81.35
M004688,114.74
M004689,20543.8
M004690,1212871.08
M004691,212.14
M004692,204.14
M004693,448.63
M004694,12342.71
M004695,9037.72
M004696,1364.17
M004697,260851.01
M004698,77.12
M004699,1345.56
M004700,82447.13
M004701,69.34
M004702,2904.35
M004703,2681.34
M004704,235.44
M004705,19806.72
M004706,4389.38
M004707,5103.49
M004708,894.76
M004709,3491.09
M004710,29520.5
M004711,392.01
M004712,1244.07
M004713,7702.58
M004714,201.53
M004715,18675.84
M004716,1197.39
M004717,11419.71
M004718,622.71
M004719,51160.7
M004720,13111.13
M004721,1525.04
M004722,18146.91
M004723,860.94
M004724,12787.21
M004725,669.69
M004726,51902.12
M004727,16631.52
M004728,3612.96
M004729,4242.79
M004730,22623.88
M004731,1465.01
M004732,541.38
M004733,535179.03
M004734,105680.26
M004735,17474.25
M004736,6985.64
M004737,33605.09
M004738,4078.46
M004739,21691.45
M004740,1551.6
M004741,156202.32
M004742,1020.23
M004743,2630.23
M004744,123.12
M004745,121.81
M004746,5895.47
M004747,11268.7
M004748,600.13
M004749,443.06
M004750,17687.94
M004751,4161.0
M004752,503.96
M004753,86.11
M004754,208277.44
M004755,7706.58
M004756,51296.08
M004757,2716.75
M004758,4165.41
M004759,444.53
M004760,1641.59
M004761,5190.25
M004762,5496.87
M004763,1134.48
M004764,886.87
M004765,4173.09
M004766,345.28
M004767,1190.57
M004768,8871.75
M004769,3746.45
M004770,5968.81
M004771,36599.79
M004772,912.67
M004773,94250.33
M004774,1628.49
M004775,10659.34
M004776,562056.88
M004777,4859.51
M004778,18045.71
M004779,1683.04
M004780,2307.86
M004781,4309.85
M004782,19837.19
M004783,49.58
M004784,9907.36
M004785,10275.29
M004786,5872.26
M004787,10062.4
M004788,6194.55
M004789,969.23
M004790,48887.43
M004791,119793.12
M004792,490.3
M004793,98384.08
M004794,2859.45
M004795,11150.74
M004796,605.64
M004797,2797.85
M004798,29842.58
M004799,2207488.19
M004800,10104.43
M004801,27082.02
M004802,1169.78
M004803,8635.93
M004804,389670.71
M004805,739.05
M004806,7940.23
M004807,12702.0
M004808,46162.75
M004809,21302.65
M004810,14736.08
M004811,1785.36
M004812,617.84
M004813,105.8
M004814,783.66
M004815,6378.75
M004816,5785.66
M004817,4288.29
M004818,21610.92
M004819,4287.48
M004820,18502.05
M004821,2967.18
M004822,291173.66
M004823,241.16
M004824,2307.89
M004825,15687.52
M004826,2161.02
M004827,14574.19
M004828,1280.58
M004829,140414.23
M004830,4490.66
M004831,2995.57
M004832,275.26
M004833,5416.74
M004834,352260.0
M004835,21971.4
M004836,129.29
M004837,92.23
M004838,8370.39
M004839,3821.77
M004840,5940.19
M004841,3101.71
M004842,4565.26
M004843,3984.5
M004844,27195.07
M004845,61.68
M004846,74.39
M004847,4130.32
M004848,54250.18
M004849,796.65
M004850,41316.1
M004851,3156.87
M004852,2072.07
M004853,7771.87
M004854,586.38
M004855,1774.42
M004856,568.74
M004857,9.34
M004858,31010.01
M004859,268.36
M004860,8946.83
M004861,2273.55
M004862,2452.8
M004863,668.54
M004864,2943.49
M004865,1453.45
M004866,853.05
M004867,7714.1
M004868,4634.33
M004869,195.76
M004870,7715.1
M004871,834.53
M004872,5374.13
M004873,11169.18
M004874,426.69
M004875,4260.12
M004876,1464.23
M004877,21246.01
M004878,9.38
M004879,3505.75
M004880,255.28
M004881,38543.81
M004882,16662.44
M004883,377.78
M004884,591.46
M004885,207.85
M004886,77.81
M004887,3426.02
M004888,5955.11
M004889,41218.7
M004890,4633.53
M004891,747.51
M004892,1938.92
M004893,1033.94
M004894,1060.39
M004895,832.69
M004896,1427.18
M004897,927860.45
M004898,2787.42
M004899,9040.75
M004900,1508.85
M004901,576.31
M004902,125.88
M004903,14403.93
M004904,244.46
M004905,60549.1
M004906,7916.68
M004907,1807.31
M004908,911.83
M004909,6216.56
M004910,9027.76
M004911,3687.02
M004912,342.25
M004913,7385.62
M004914,1039.43
M004915,506072.33
M004916,361.83
M004917,525.5
M004918,117010.32
M004919,2231.1
M004920,12404.39
M004921,603.14
M004922,32409.64
M004923,33768.29
M004924,35053.86
M004925,269.44
M004926,2334.41
M004927,4365.62
M004928,49410.5
M004929,8568.8
M004930,10868.23
M004931,9918.75
M004932,1567.36
M004933,819.09
M004934,3931.16
M004935,1345.45
M004936,1338.96
M004937,129287.0
M004938,606.81
M004939,657.13
M004940,122.67
M004941,62.29
M004942,2748.51
M004943,4877.38
M004944,4454.38
M004945,313.68
M004946,463.85
M004947,22398.52
M004948,217.85
M004949,387.45
M004950,1678.13
M004951,6067.02
M004952,29291.45
M004953,59506.97
M004954,1993.84
M004955,8795.37
M004956,964.95
M004957,485.33
M004958,15573.11
M004959,1843.13
M004960,31867.19
M004961,24638.1
M004962,3302.56
M004963,5045.2
M004964,1154.31
M004965,43879.04
M004966,6913.47
M004967,53813.94
M004968,1377.37
M004969,156757.86
M004970,31888.79
M004971,2092.73
M004972,8209.89
M004973,4156.47
M004974,2672.94
M004975,152255.54
M004976,5120.21
M004977,1314.24
M004978,2437.35
M004979,7322.63
M004980,4.48
M004981,27059.7
M004982,12778.45
M004983,34797.78
M004984,5647.68
M004985,5817.97
M004986,1737.08
M004987,49.55
M004988,2052.53
M004989,144237.03
M004990,34810.92
M004991,3781.18
M004992,45690.41
M004993,196086.8
M004994,96.13
M004995,183254.91
M004996,4061.77
M004997,16580.79
M004998,2630.96
M004999,1968.19
M005000,111648.08
M005001,22089.18
M005002,12042.87
M005003,4544.74
M005004,2135.37
M005005,4146.75
M005006,2868.21
M005007,17380.54
M005008,3268.42
M005009,15285.39
M005010,9047.22
M005011,228.4
M005012,18228.58
M005013,267205.99
M005014,845.55
M005015,257.08
M005016,72420.33
M005017,6092.96
M005018,10152.06
M005019,12528.03
M005020,36974.2
M005021,725.83
M005022,1230.2
M005023,214709.51
M005024,31804.83
M005025,3614.39
M005026,9088.0
M005027,820.38
M005028,12680.57
M005029,1068.25
M005030,58042.6
M005031,1717.02
M005032,10265.01
M005033,143115.32
M005034,34115.86
M005035,133956.04
M005036,5653.52
M005037,3074.07
M005038,1584.59
M005039,375.64
M005040,1577.83
M005041,39641.91
M005042,975.14
M005043,13848.43
M005044,922.29
M005045,445138.32
M005046,9960.79
M005047,3041.91
M005048,2088.77
M005049,28224.07
M005050,26356.06
M005051,38502.08
M005052,149455.92
M005053,2132.97
M005054,2642.93
M005055,24668.31
M005056,5537.88
M005057,226.22
M005058,1362.0
M005059,614052.86
M005060,274006.83
M005061,327074.42
M005062,14.68
M005063,145009.98
M005064,475.36
M005065,359.6
M005066,249.13
M005067,7573.99
M005068,284.76
M005069,986.74
M005070,1832.74
M005071,21133.71
M005072,4301.39
M005073,4996.79
M005074,363111.04
M005075,13814.71
M005076,417.08
M005077,14852.88
M005078,20907.79
M005079,9935.71
M005080,150.0
M005081,77982.74
M005082,743.05
M005083,231858.88
M005084,486.24
M005085,5243.72
M005086,1201.61
M005087,3166.8
M005088,2377.25
M005089,6438.22
M005090,4201.13
M005091,188883.85
M005092,88.14
M005093,1140.32
M005094,1166.32
M005095,20080.18
M005096,1546.38
M005097,2357123.99
M005098,418.44
M005099,3588.58
M005100,861.34
M005101,197782.3
M005102,422064.84
M005103,328907.08
M005104,2032.26
M005105,411.92
M005106,28842.6
M005107,7899.71
M005108,6947.43
M005109,30371.9
M005110,204.42
M005111,35553.02
M005112,5584.87
M005113,15622.96
M005114,3947.17
M005115,2918.74
M005116,1655400.11
M005117,12862.52
M005118,30411.32
M005119,8419.8
M005120,47576.94
M005121,920.01
M005122,5200.79
M005123,437.41
M005124,3391.58
M005125,3579.21
M005126,2279.04
M005127,4234.96
M005128,40981.56
M005129,517.07
M005130,2664.92
M005131,8231.4
M005132,59412.32
M005133,2645.11
M005134,291728.19
M005135,11401.85
M005136,10160.64
M005137,88.58
M005138,963.93
M005139,115391.85
M005140,12143.21
M005141,408780.7
M005142,311.81
M005143,2497.27
M005144,8893.16
M005145,34006.67
M005146,2949.03
M005147,144735.52
M005148,8470.36
M005149,6447.96
M005150,5863.84
M005151,226.22
M005152,67353.15
M005153,9992.89
M005154,131.28
M005155,3426.88
M005156,6410.48
M005157,639.22
M005158,2348.39
M005159,802.81
M005160,478.78
M005161,60.07
M005162,267.28
M005163,6248.81
M005164,5050.55
M005165,7062.07
M005166,3130.83
M005167,971.26
M005168,3089.06
M005169,116.98
M005170,99126.95
M005171,13113.92
M005172,405.88
M005173,257978.53
M005174,3588.51
M005175,6400.77
M005176,1928.81
M005177,9367.12
M005178,1558.69
M005179,956.38
M005180,306.27
M005181,5060.48
M005182,17293.62
M005183,89018.14
M005184,2192.45
M005185,1383.42
M005186,89858.14
M005187,885.27
M005188,1831.62
M005189,23214.64
M005190,7554.91
M005191,1003.79
M005192,4170.13
M005193,7164.18
M005194,932391.8
M005195,45782.45
M005196,145.27
M005197,82797.44
M005198,16844.64
M005199,17414.66
M005200,3.12
M005201,538.55
M005202,4075.42
M005203,86166.21
M005204,1818.96
M005205,22453.73
M005206,4154.24
M005207,12172.18
M005208,29733.44
M005209,5787.91
M005210,545718.88
M005211,74.04
M005212,5015.68
M005213,12609.57
M005214,7826.29
M005215,1503.11
M005216,52316.85
M005217,2279.04
M005218,82128.34
M005219,16776.36
M005220,727.23
M005221,220.07
M005222,15648.65
M005223,7766.87
M005224,16584.88
M005225,152217.05
M005226,11325.58
M005227,23741.14
M005228,5284.74
M005229,542.18
M005230,248.6
M005231,68715.12
M005232,1620.49
M005233,15388.86
M005234,22754.27
M005235,75742.47
M005236,3221.86
M005237,2725.01
M005238,1566.83
M005239,2980.09
M005240,334.79
M005241,17633.49
M005242,21666.13
M005243,3939.04
M005244,12209.19
M005245,28814.4
M005246,7071.73
M005247,6770.12
M005248,10519.88
M005249,1044.98
M005250,23402.63
M005251,4321.36
M005252,7511.36
M005253,2963.37
M005254,24110.62
M005255,317.43
M005256,3803.38
M005257,4384.14
M005258,6790.86
M005259,2717.63
M005260,5565.74
M005261,245.41
M005262,146.85
M005263,12929.33
M005264,1320.0
M005265,2786.03
M005266,730.67
M005267,364.33
M005268,43147.09
M005269,144.3
M005270,1340.01
M005271,262329.58
M005272,24476.82
M005273,2120.57
M005274,19.26
M005275,19940.61
M005276,35221.61
M005277,27098.79
M005278,195.25
M005279,24790.62
M005280,2915.05
M005281,1716353.34
M005282,2089.78
M005283,1298.71
M005284,2136.58
M005285,15116.83
M005286,10078.15
M005287,109.0
M005288,11.83
M005289,6502.55
M005290,63.08
M005291,97842.63
M005292,6261.11
M005293,15044.15
M005294,498.09
M005295,1230.57
M005296,86226.75
M005297,2692.54
M005298,2268.36
M005299,1920.91
M005300,28921.36
M005301,341.82
M005302,68070.35
M005303,940.46
M005304,83.34
M005305,11133.42
M005306,6677.09
M005307,248.26
M005308,30822.23
M005309,4473.47
M005310,159.54
M005311,507825.66
M005312,311438.06
M005313,138507.86
M005314,1728.27
M005315,2371.69
M005316,99.17
M005317,794.81
M005318,22183.6
M005319,71750.29
M005320,2231.03
M005321,1556.96
M005322,7.99
M005323,405.08
M005324,2862.48
M005325,14221.5
M005326,2617.24
M005327,7982.59
M005328,1795.88
M005329,1727.7
M005330,1641.7
M005331,70087.73
M005332,130681.04
M005333,8.42
M005334,1101.08
M005335,9331.28
M005336,6545.42
M005337,39802.39
M005338,67165.98
M005339,4561.52
M005340,2665.84
M005341,43692.48
M005342,539.4
M005343,306.58
M005344,9800.5
M005345,3234.6
M005346,59.53
M005347,3684.22
M005348,169.33
M005349,920.03
M005350,9881.7
M005351,8980.8
M005352,60.75
M005353,136312.7
M005354,1493.84
M005355,217024.84
M005356,85.4
M005357,326829.22
M005358,52.07
M005359,56.41
M005360,68945.56
M005361,25631.64
M005362,7163.93
M005363,3156.56
M005364,19228.56
M005365,144030.82
M005366,1630.38
M005367,163938.53
M005368,8740.74
M005369,790.28
M005370,4795.54
M005371,4115.66
M005372,39.58
M005373,57659.6
M005374,583.93
M005375,8815.04
M005376,2377.82
M005377,51634.13
M005378,124.85
M005379,6436.42
M005380,5373.98
M005381,24348.61
M005382,5136.69
M005383,419.97
M005384,1384.55
M005385,4570.32
M005386,2007.96
M005387,123.76
M005388,26013.89
M005389,7355.57
M005390,9242.07
M005391,1755.53
M005392,16560.75
M005393,133.57
M005394,8313.23
M005395,908.73
M005396,4555.23
M005397,199699.96
M005398,164935.62
M005399,2051.16
M005400,5771.78
M005401,24101.26
M005402,32321.13
M005403,3772.13
M005404,1597.29
M005405,28581.71
M005406,3768.38
M005407,341464.54
M005408,38823.04
M005409,155702.65
M005410,32244.13
M005411,5001.05
M005412,216478.22
M005413,360.46
M005414,300.65
M005415,1831.91
M005416,725.48
M005417,16213.71
M005418,6617.12
M005419,3808.93
M005420,656.47
M005421,231.08
M005422,1034.18
M005423,1705.3
M005424,2215.89
M005425,302148.18
M005426,15516.69
M005427,54672.45
M005428,19049.63
M005429,85.3
M005430,15822.86
M005431,13388.23
M005432,1032.79
M005433,2916.34
M005434,51.41
M005435,85162.13
M005436,2698.37
M005437,6008.23
M005438,79828.68
M005439,1014.93
M005440,2009.98
M005441,95.73
M005442,492.58
M005443,1318.76
M005444,25640.77
M005445,192.6
M005446,20268.38
M005447,10434.89
M005448,39672.86
M005449,57.58
M005450,125397.91
M005451,505.72
M005452,90.29
M005453,41861.74
M005454,5181.79
M005455,194.85
M005456,1977.11
M005457,5177.06
M005458,113.96
M005459,19683.92
M005460,5105.11
M005461,26946.29
M005462,31866.67
M005463,79038.5
M005464,18627.21
M005465,1232.18
M005466,1683.65
M005467,19326.67
M005468,2779.6
M005469,106970.65
M005470,698.57
M005471,1625.63
M005472,17.72
M005473,272.59
M005474,119461.18
M005475,856.0
M005476,102014.95
M005477,31010.91
M005478,9911.11
M005479,19788.38
M005480,6885.18
M005481,1289.14
M005482,21.37
M005483,20969.24
M005484,4356.5
M005485,554.28
M005486,507.27
M005487,14615.74
M005488,82893.67
M005489,179.25
M005490,123312.7
M005491,1320.33
M005492,36.86
M005493,22310.72
M005494,132009.03
M005495,568.0
M005496,5965.02
M005497,3523.98
M005498,2788.63
M005499,28293.35
M005500,8036.29
M005501,1182.08
M005502,157629.21
M005503,3893.67
M005504,4107.59
M005505,2593.76
M005506,32480.0
M005507,36756.38
M005508,3906.28
M005509,27717.81
M005510,753.69
M005511,62944.73
M005512,2091.77
M005513,294.2
M005514,9766.89
M005515,38378.15
M005516,38413.67
M005517,271.5
M005518,4241.91
M005519,111.83
M005520,315.02
M005521,323.69
M005522,9317.55
M005523,2421.83
M005524,5561.99
M005525,377.64
M005526,2943.32
M005527,582.75
M005528,7533.51
M005529,41648.19
M005530,4102.04
M005531,10824.24
M005532,458.86
M005533,4027.25
M005534,2205.7
M005535,417.67
M005536,3602.81
M005537,93.63
M005538,1247.98
M005539,146257.75
M005540,285.94
M005541,364.79
M005542,1743.94
M005543,205081.12
M005544,870.85
M005545,42269.72
M005546,70.36
M005547,4825.65
M005548,6244.75
M005549,114.75
M005550,532.42
M005551,9613.71
M005552,27956.68
M005553,12029.53
M005554,993.96
M005555,10851.14
M005556,102010.29
M005557,1444.3
M005558,4151.87
M005559,109.65
M005560,2617.48
M005561,299.42
M005562,13532.73
M005563,19514.34
M005564,648.92
M005565,5475.83
M005566,14769.91
M005567,1679.54
M005568,5090.51
M005569,52157.41
M005570,842.52
M005571,1232.07
M005572,1003.45
M005573,547.23
M005574,3608.38
M005575,18241.51
M005576,475.68
M005577,32016.86
M005578,44509.57
M005579,24486.67
M005580,4695.39
M005581,30.83
M005582,1027.71
M005583,17249.07
M005584,425.1
M005585,55877.23
M005586,190057.16
M005587,1116.87
M005588,3760.34
M005589,623210.76
M005590,2649.79
M005591,2803.18
M005592,35509.62
M005593,538.65
M005594,3690.1
M005595,10622.34
M005596,279.82
M005597,714.52
M005598,774.92
M005599,1173.72
M005600,267.77
M005601,7870.75
M005602,248.83
M005603,30310.53
M005604,9315.46
M005605,18816.45
M005606,2165.05
M005607,562.02
M005608,20.17
M005609,10490.34
M005610,196602.33
M005611,586.27
M005612,5743.54
M005613,2456.16
M005614,2563.03
M005615,4425.74
M005616,6646.79
M005617,8486.11
M005618,3375.02
M005619,9066.53
M005620,694.48
M005621,370.18
M005622,67503.65
M005623,3799.08
M005624,84944.06
M005625,3381.42
M005626,9407.2
M005627,321.07
M005628,277.02
M005629,4315.17
M005630,17010.75
M005631,4255.49
M005632,376.03
M005633,3635.78
M005634,1787.33
M005635,5314.89
M005636,60458.11
M005637,4675.79
M005638,1509.95
M005639,42215.68
M005640,4038.66
M005641,1529.94
M005642,1024.55
M005643,1963.01
M005644,61.35
M005645,55632.75
M005646,1699.63
M005647,46966.37
M005648,827.97
M005649,309.61
M005650,12178.59
M005651,643.68
M005652,10809.7
M005653,123555.96
M005654,1746.61
M005655,171.6
M005656,863.43
M005657,36.34
M005658,2718.36
M005659,3271.13
M005660,5855.53
M005661,54083.53
M005662,771.69
M005663,1338.99
M005664,112.05
M005665,1214.65
M005666,115919.45
M005667,11032.73
M005668,92.79
M005669,33807.67
M005670,26282.18
M005671,10653.0
M005672,179.53
M005673,938.56
M005674,1969.71
M005675,37.8
M005676,1082.96
M005677,35977.03
M005678,1343.94
M005679,33726.32
M005680,3649.95
M005681,3787.42
M005682,1117.77
M005683,7988.62
M005684,55428.66
M005685,823.02
M005686,1646.49
M005687,4254.76
M005688,1061.68
M005689,3206.28
M005690,26631.99
M005691,41630.06
M005692,188268.4
M005693,10220.16
M005694,75876.6
M005695,410.48
M005696,429.2
M005697,1925.74
M005698,72.95
M005699,919.02
M005700,136.39
M005701,1344.51
M005702,29488.73
M005703,12787.49
M005704,3549.3
M005705,5699.98
M005706,2701.76
M005707,62880.64
M005708,2237.59
M005709,9955.78
M005710,4467.06
M005711,29647.03
M005712,1620.58
M005713,852.61
M005714,5787.58
M005715,13432.65
M005716,524.1
M005717,1634.82
M005718,10335.15
M005719,986.33
M005720,2960.37
M005721,15631.92
M005722,88.11
M005723,38822.93
M005724,340.82
M005725,2712.22
M005726,16408.71
M005727,703.72
M005728,158505.84
M005729,1452.07
M005730,891.57
M005731,16682.44
M005732,604.31
M005733,2690.68
M005734,5664.95
M005735,40755.73
M005736,23110.64
M005737,104631.14
M005738,12915.53
M005739,512.38
M005740,18792.9
M005741,5002.02
M005742,5353.04
M005743,35723.37
M005744,1007.96
M005745,1106.27
M005746,13080.33
M005747,96.88
M005748,3225.57
M005749,265268.27
M005750,1725957.22
M005751,4847.54
M005752,4959.36
M005753,12174.56
M005754,195.72
M005755,1845.23
M005756,4589.3
M005757,5351.13
M005758,411.65
M005759,30.07
M005760,56.78
M005761,11069.18
M005762,16454.58
M005763,4067.85
M005764,19019.58
M005765,202.53
M005766,1459.22
M005767,73914.24
M005768,8820.91
M005769,22259.87
M005770,2137.95
M005771,444097.15
M005772,36.35
M005773,13578.32
M005774,8203.3
M005775,5140.33
M005776,7516.3
M005777,2208.48
M005778,77.74
M005779,9765.59
M005780,14190.25
M005781,12845.54
M005782,1320.83
M005783,279.56
M005784,15870.57
M005785,126770.41
M005786,18704.28
M005787,644.12
M005788,6659.25
M005789,2345.4
M005790,550.13
M005791,300614.97
M005792,1307.32
M005793,2077.11
M005794,847.73
M005795,33957.27
M005796,9587.03
M005797,55.72
M005798,5920.08
M005799,7275.54
M005800,3423.17
M005801,29432.17
M005802,1244.95
M005803,12977.12
M005804,8542.31
M005805,9264.11
M005806,302.69
M005807,381.59
M005808,18178.87
M005809,1730.9
M005810,7262.45
M005811,51999.42
M005812,33707.2
M005813,31853.08
M005814,29993.69
M005815,23.15
M005816,42.62
M005817,2375.05
M005818,257635.29
M005819,1818.01
M005820,16.98
M005821,2402.78
M005822,83829.65
M005823,2895.3
M005824,12977.06
M005825,140.87
M005826,10405.65
M005827,3284.34
M005828,8379.28
M005829,100527.22
M005830,173490.19
M005831,143206.18
M005832,4444.02
M005833,25878.98
M005834,2370.6
M005835,2129.18
M005836,148107.5
M005837,23729.02
M005838,442.08
M005839,106.38
M005840,58.43
M005841,10931.4
M005842,95265.37
M005843,196.49
M005844,2893.03
M005845,1715.93
M005846,7094.14
M005847,6825.21
M005848,18448.55
M005849,556.68
M005850,138614.37
M005851,3071.6
M005852,304.79
M005853,34528.65
M005854,9006.65
M005855,726.19
M005856,603758.9
M005857,293.19
M005858,14.19
M005859,3180.13
M005860,3412.46
M005861,9946.1
M005862,4295.46
M005863,425.82
M005864,2384.45
M005865,52.97
M005866,38577.42
M005867,3279.49
M005868,5498.64
M005869,579.97
M005870,1020.83
M005871,1792.52
M005872,12438.38
M005873,6236.09
M005874,7439.45
M005875,2830.25
M005876,24872.01
M005877,1041.11
M005878,11374.69
M005879,17.81
M005880,5971.0
M005881,9370.17
M005882,114814.22
M005883,4718.16
M005884,16338.51
M005885,38847.26
M005886,3400.19
M005887,23738.94
M005888,3514.41
M005889,8044.36
M005890,308.13
M005891,263.63
M005892,67396.85
M005893,3810.72
M005894,464.6
M005895,5205.21
M005896,1411.47
M005897,40082.11
M005898,6468.76
M005899,14693.08
M005900,16386.72
M005901,23517.22
M005902,299.09
M005903,91.75
M005904,922.78
M005905,27181.82
M005906,2077.94
M005907,1687.52
M005908,58113.86
M005909,6492.75
M005910,111925.32
M005911,115641.05
M005912,66383.89
M005913,6307.07
M005914,5057.26
M005915,4712.22
M005916,96.77
M005917,18225.59
M005918,33939.97
M005919,125237.36
M005920,2184.47
M005921,30198.87
M005922,10634.13
M005923,1071.73
M005924,2449.31
M005925,18919.53
M005926,387786.24
M005927,1308.77
M005928,11764.04
M005929,2280.09
M005930,4651.27
M005931,4835.13
M005932,174.69
M005933,4389.39
M005934,719.72
M005935,243.6
M005936,1953.46
M005937,10029.53
M005938,530.77
M005939,2939.35
M005940,6631.11
M005941,530.45
M005942,1086.19
M005943,5.68
M005944,5352.55
M005945,1571.94
M005946,390934.17
M005947,16002.21
M005948,10177.85
M005949,130772.18
M005950,12009.21
M005951,5643.42
M005952,879.0
M005953,42929.43
M005954,389.2
M005955,5482.51
M005956,221856.28
M005957,1746.08
M005958,1183.37
M005959,23488.29
M005960,29660.88
M005961,9038.05
M005962,1480.69
M005963,2272.78
M005964,63.29
M005965,350.69
M005966,27622.04
M005967,17990.52
M005968,456807.52
M005969,1234.06
M005970,16821.95
M005971,32107.79
M005972,113360.74
M005973,228.35
M005974,6337.12
M005975,40715.5
M005976,456.01
M005977,258151.76
M005978,1059.44
M005979,336.89
M005980,66524.62
M005981,193869.81
M005982,25706.88
M005983,549.28
M005984,1057.52
M005985,11811.22
M005986,30067.66
M005987,1044156.54
M005988,396146.77
M005989,2643.35
M005990,7827.56
M005991,192.51
M005992,513.67
M005993,129695.36
M005994,3223.84
M005995,623.31
M005996,316.31
M005997,117.55
M005998,878.88
M005999,13438.43
M006000,111.51
M006001,2343.67
M006002,5797.24
M006003,202718.05
M006004,10822.02
M006005,4264.42
M006006,121039.54
M006007,43902.49
M006008,146039.58
M006009,2767.14
M006010,3669.4
M006011,4866.52
M006012,102717.98
M006013,39736.25
M006014,136.67
M006015,32.63
M006016,633562.39
M006017,37188.19
M006018,1771197.54
M006019,309.85
M006020,3170.43
M006021,24621.16
M006022,79747.93
M006023,3778.77
M006024,28542.99
M006025,88.06
M006026,661.45
M006027,9393.82
M006028,10695.88
M006029,463.48
M006030,24947.66
M006031,11.38
M006032,9465.43
M006033,35312.51
M006034,83.77
M006035,1847.72
M006036,401.92
M006037,24869.69
M006038,668.91
M006039,2281.54
M006040,9062.71
M006041,39149.19
M006042,4325.89
M006043,1275.56
M006044,6324.33
M006045,64093.37
M006046,5120.14
M006047,888.78
M006048,64082.59
M006049,372.99
M006050,4654.71
M006051,79.66
M006052,55.41
M006053,5059.53
M006054,124070.02
M006055,294.96
M006056,6948.01
M006057,11132.91
M006058,25010.68
M006059,944.19
M006060,7290.65
M006061,24113.81
M006062,25843.65
M006063,4160.68
M006064,177.99
M006065,161974.56
M006066,694.0
M006067,1176.72
M006068,4543.97
M006069,69112.85
M006070,1388.3
M006071,1207.48
M006072,9287.72
M006073,78.28
M006074,122.58
M006075,6088.38
M006076,37092.21
M006077,769.84
M006078,8498.57
M006079,3795.53
M006080,10289.17
M006081,57.63
M006082,29731.8
M006083,2109.11
M006084,5382.05
M006085,3101.82
M006086,13278.54
M006087,16313.32
M006088,3946.42
M006089,55.2
M006090,1420.67
M006091,12553.42
M006092,35585.72
M006093,1604.51
M006094,3564.81
M006095,27897.65
M006096,75.06
M006097,980.98
M006098,153.81
M006099,8935.89
M006100,1338.81
M006101,4103.45
M006102,11629.18
M006103,9131.53
M006104,264551.43
M006105,72284.05
M006106,410.1
M006107,6239.91
M006108,1412.17
M006109,1050.41
M006110,10875.51
M006111,92827.5
M006112,113.29
M006113,122169.09
M006114,6553.26
M006115,73180.67
M006116,47.08
M006117,832.11
M006118,3112.34
M006119,314.07
M006120,228808.16
M006121,140435.92
M006122,19171.04
M006123,1366.01
M006124,17849.29
M006125,28189.35
M006126,3767.36
M006127,101437.36
M006128,2316.57
M006129,229472.27
M006130,5880.97
M006131,867.66
M006132,2252.15
M006133,508409.17
M006134,7565.13
M006135,4236.18
M006136,1487.47
M006137,25.3
M006138,74762.82
M006139,3365.05
M006140,17103.97
M006141,3486.96
M006142,68488.93
M006143,2436.1
M006144,4080.21
M006145,88930.46
M006146,12377.26
M006147,42080.91
M006148,7850.02
M006149,5955.28
M006150,100.92
M006151,695.84
M006152,22123.9
M006153,75693.52
M006154,30580.26
M006155,32072.11
M006156,26921.23
M006157,773.43
M006158,10270.23
M006159,2141.16
M006160,3453.17
M006161,233.46
M006162,6610.53
M006163,49565.82
M006164,12021.98
M006165,3104.0
M006166,1650700.42
M006167,1835.97
M006168,218.18
M006169,3161.32
M006170,180928.23
M006171,2905.88
M006172,24929.61
M006173,1536.96
M006174,60.38
M006175,22336.91
M006176,16113.19
M006177,12092.29
M006178,1403.66
M006179,7496.39
M006180,434.17
M006181,95079.34
M006182,30117.1
M006183,9116.15
M006184,41143.5
M006185,1323.99
M006186,1857.55
M006187,11945.95
M006188,6039.06
M006189,3769.71
M006190,3339.73
M006191,1053.98
M006192,259665.7
M006193,116.65
M006194,5572.66
M006195,45123.16
M006196,708.63
M006197,104.67
M006198,1926.57
M006199,8100.7
M006200,24891.69
M006201,57284.5
M006202,10405.17
M006203,408.89
M006204,2438.58
M006205,1035.99
M006206,71.12
M006207,8212.76
M006208,54370.56
M006209,49918.58
M006210,134.25
M006211,3224.8
M006212,14195.56
M006213,11072.63
M006214,49506.59
M006215,25500.47
M006216,109430.68
M006217,9883.49
M006218,5547.49
M006219,36741.5
M006220,445.29
M006221,876.21
M006222,16672.17
M006223,84.75
M006224,6610.0
M006225,178.27
M006226,181.42
M006227,4398.39
M006228,4811.24
M006229,44545.1
M006230,440.54
M006231,17107.53
M006232,1363538.64
M006233,9217.16
M006234,11112.76
M006235,120280.48
M006236,10029.76
M006237,383.87
M006238,295.0
M006239,557.09
M006240,1017.25
M006241,19316.8
M006242,2249.42
M006243,8765.71
M006244,112161.24
M006245,281174.85
M006246,9588.87
M006247,2173.15
M006248,3000.03
M006249,80967.4
M006250,1081.87
M006251,30157.39
M006252,24994.74
M006253,259216.45
M006254,9837.24
M006255,9.84
M006256,15558.44
M006257,4721.04
M006258,5597.53
M006259,5759.7
M006260,24760.52
M006261,92.22
M006262,13960.79
M006263,42.86
M006264,9968.11
M006265,9054.81
M006266,43579.57
M006267,12932.89
M006268,6439.37
M006269,501.52
M006270,150198.47
M006271,176739.73
M006272,1692.01
M006273,5557.65
M006274,32375.92
M006275,7907.0
M006276,4812.18
M006277,8012.51
M006278,29154.66
M006279,2267.94
M006280,56416.41
M006281,8594.29
M006282,1870.92
M006283,94478.56
M006284,7391.56
M006285,803.19
M006286,14752.05
M006287,1656.32
M006288,20153.87
M006289,141340.09
M006290,1821.07
M006291,46812.77
M006292,3290.95
M006293,405.35
M006294,52906.39
M006295,61778.77
M006296,412912.29
M006297,6069.17
M006298,5544.79
M006299,21.66
M006300,975.19
M006301,387.35
M006302,698677.02
M006303,7152.13
M006304,1373.64
M006305,151742.97
M006306,18673.68
M006307,7878.13
M006308,430.42
M006309,4671.28
M006310,538.62
M006311,8002.2
M006312,623.45
M006313,11771.86
M006314,4538.66
M006315,1593.98
M006316,5996.71
M006317,39051.19
M006318,8520.14
M006319,4447.39
M006320,40517.9
M006321,219726.4
M006322,166760.4
M006323,20923.54
M006324,30961.96
M006325,6.32
M006326,37961.04
M006327,1829.95
M006328,1079.34
M006329,3751.73
M006330,10815.49
M006331,149448.75
M006332,41843.17
M006333,21946.71
M006334,18998.79
M006335,10007.07
M006336,79283.69
M006337,25343.57
M006338,15741.83
M006339,79863.51
M006340,6487.63
M006341,146331.56
M006342,30.13
M006343,237686.3
M006344,202.25
M006345,30496.57
M006346,20838.26
M006347,1449.49
M006348,11471.1
M006349,3123.98
M006350,1599.26
M006351,5227.39
M006352,6773.21
M006353,2049.96
M006354,5168.98
M006355,66.79
M006356,311.95
M006357,1646.72
M006358,3420.31
M006359,375.99
M006360,13089.27
M006361,4584.31
M006362,8113.19
M006363,7771.63
M006364,29003.4
M006365,7796.26
M006366,2230.88
M006367,44524.94
M006368,18.93
M006369,387.89
M006370,3331.63
M006371,16500.83
M006372,7207.9
M006373,218.33
M006374,54.82
M006375,92656.66
M006376,2357.08
M006377,674.5
M006378,50.79
M006379,313.35
M006380,847.2
M006381,11228.22
M006382,16321.58
M006383,11700.28
M006384,14329.62
M006385,297679.32
M006386,50427.55
M006387,35777.98
M006388,4701.14
M006389,7226.74
M006390,711.67
M006391,3782.9
M006392,19000.56
M006393,17358.28
M006394,42719.3
M006395,4401.67
M006396,7586.68
M006397,188.58
M006398,3955.51
M006399,15018.91
M006400,62.02
M006401,12288.18
M006402,598.0
M006403,6681.12
M006404,209.53
M006405,98028.66
M006406,164.49
M006407,1742.26
M006408,7856.53
M006409,439.59
M006410,26922.02
M006411,10335.49
M006412,549.84
M006413,3879.17
M006414,1086.4
M006415,346.53
M006416,324.64
M006417,311.18
M006418,36341.16
M006419,761.7
M006420,725.37
M006421,32159.63
M006422,4255.46
M006423,284.87
M006424,34540.41
M006425,3332.17
M006426,2470.76
M006427,452.64
M006428,13100.35
M006429,177894.54
M006430,118164.24
M006431,50258.35
M006432,842.75
M006433,1381.69
M006434,5830.45
M006435,2419.93
M006436,1581.88
M006437,54989.03
M006438,18722.97
M006439,2083.01
M006440,282.53
M006441,130.65
M006442,2340.16
M006443,1091.86
M006444,520871.22
M006445,22540.55
M006446,2009.81
M006447,1227.91
M006448,697295.95
M006449,5990.58
M006450,2845.87
M006451,349.45
M006452,48.0
M006453,314.57
M006454,7604.68
M006455,1028.75
M006456,1375.21
M006457,14528.98
M006458,3920.41
M006459,85209.46
M006460,10966.9
M006461,47508.47
M006462,41855.1
M006463,558.84
M006464,131.85
M006465,20836.24
M006466,893.14
M006467,28070.9
M006468,59145.04
M006469,47.87
M006470,558.67
M006471,4328.67
M006472,4888.5
M006473,1613.64
M006474,60931.65
M006475,2592.42
M006476,30.64
M006477,89348.49
M006478,1651.09
M006479,1921.01
M006480,89392.06
M006481,22802.3
M006482,1255.86
M006483,975.36
M006484,219135.04
M006485,258.44
M006486,21.37
M006487,1643.42
M006488,119.84
M006489,2091.91
M006490,430.83
M006491,62688.2
M006492,29107.66
M006493,426448.74
M006494,21283.13
M006495,40302.1
M006496,197.09
M006497,759.19
M006498,58433.69
M006499,55484.9
M006500,946.78
M006501,114441.49
M006502,29868.58
M006503,5118.28
M006504,5079.29
M006505,4335.16
M006506,4826.25
M006507,11534.48
M006508,32221.97
M006509,215.88
M006510,5025.13
M006511,399.67
M006512,443.05
M006513,142.69
M006514,19446.56
M006515,17264.14
M006516,73.82
M006517,35507.18
M006518,4883.59
M006519,65963.97
M006520,25919.57
M006521,39931.67
M006522,3657.89
M006523,28529.9
M006524,6986.42
M006525,893.04
M006526,2733.73
M006527,11515.44
M006528,39606.62
M006529,2657.65
M006530,54485.49
M006531,5616.69
M006532,1559.63
M006533,218.93
M006534,686.08
M006535,5561.35
M006536,658.72
M006537,5410.91
M006538,2648.76
M006539,9525.05
M006540,255.27
M006541,21568.73
M006542,18851.22
M006543,223.97
M006544,22.17
M006545,52107.83
M006546,11.36
M006547,2134.93
M006548,929.03
M006549,1828.14
M006550,1410.69
M006551,7912.87
M006552,18596.77
M006553,3408.87
M006554,2905.7
M006555,404.05
M006556,617322.43
M006557,467.08
M006558,2017.49
M006559,3752.77
M006560,205.68
M006561,7235.63
M006562,56948.45
M006563,377.56
M006564,24108.93
M006565,8615.74
M006566,3473.1
M006567,29514.23
M006568,686.98
M006569,905.53
M006570,99075.54
M006571,1516.75
M006572,1221.82
M006573,12947.08
M006574,35651.87
M006575,5231.97
M006576,20586.88
M006577,1662.34
M006578,250726.58
M006579,1018.46
M006580,9118.37
M006581,1584.71
M006582,82404.63
M006583,815814.3
M006584,1344.09
M006585,6459.49
M006586,345401.09
M006587,1159.21
M006588,302.2
M006589,6938.79
M006590,9563.2
M006591,102597.87
M006592,6846.68
M006593,149479.32
M006594,169851.36
M006595,4359.53
M006596,657.11
M006597,8736.59
M006598,35253.26
M006599,1163.11
M006600,7124.21
M006601,36155.69
M006602,1320.24
M006603,10071.4
M006604,10059.68
M006605,1160.53
M006606,2830.7
M006607,42046.72
M006608,960.24
M006609,192.13
M006610,23451.46
M006611,45.24
M006612,14289.18
M006613,4347.22
M006614,918.86
M006615,68.13
M006616,11511.72
M006617,6391.23
M006618,19089.63
M006619,140.05
M006620,4251.19
M006621,69713.82
M006622,106041.61
M006623,4325.63
M006624,2258.92
M006625,683.8
M006626,1328.09
M006627,364057.27
M006628,26434.3
M006629,89595.75
M006630,9644.68
M006631,230338.22
M006632,1704.1
M006633,3405.7
M006634,13492.43
M006635,1135.02
M006636,207.39
M006637,17222.96
M006638,9116.01
M006639,3793.58
M006640,293.77
M006641,15718.33
M006642,2548.85
M006643,407.74
M006644,1510.55
M006645,9262.37
M006646,16737.3
M006647,16439.8
M006648,4025.61
M006649,32918.11
M006650,49479.65
M006651,17414.87
M006652,17319.75
M006653,1606.47
M006654,2151.26
M006655,500.22
M006656,22672.28
M006657,28300.33
M006658,683.18
M006659,112816.79
M006660,17555.73
M006661,885.69
M006662,428.41
M006663,59772.94
M006664,1282.42
M006665,59054.55
M006666,27817.63
M006667,1463.51
M006668,254375.32
M006669,3535.21
M006670,35955.14
M006671,2300.2
M006672,1939.24
M006673,56549.87
M006674,5480.28
M006675,104242.31
M006676,4746.53
M006677,4576.55
M006678,453687.45
M006679,18218.33
M006680,204.0
M006681,1193.39
M006682,627.98
M006683,3558.57
M006684,22199.26
M006685,5744.62
M006686,10418.15
M006687,1771.44
M006688,488.22
M006689,39176.3
M006690,66546.76
M006691,634.49
M006692,151796.29
M006693,12351.18
M006694,11365.46
M006695,49.97
M006696,5805.15
M006697,35204.52
M006698,485.48
M006699,10216.48
M006700,135330.23
M006701,95030.6
M006702,9028.08
M006703,1515.94
M006704,60.79
M006705,833.71
M006706,7268.6
M006707,25943.34
M006708,338.93
M006709,9176.23
M006710,7646.01
M006711,209.7
M006712,2112.66
M006713,25709.72
M006714,21795.62
M006715,2268.05
M006716,1262.03
M006717,3852.82
M006718,7152.88
M006719,1566.93
M006720,4592.31
M006721,5853.1
M006722,152.58
M006723,16192.49
M006724,11634.85
M006725,9351.27
M006726,380.03
M006727,1004.17
M006728,4156.84
M006729,7109.88
M006730,1273.75
M006731,673.64
M006732,3490.69
M006733,694.25
M006734,1827.75
M006735,10230.2
M006736,65.6
M006737,77848.06
M006738,26260.58
M006739,227.17
M006740,19628.02
M006741,61963.82
M006742,25172.08
M006743,18016.37
M006744,2819.11
M006745,271.65
M006746,887999.6
M006747,1633.0
M006748,2135.14
M006749,341.21
M006750,1119.43
M006751,10893.49
M006752,690.74
M006753,12487.24
M006754,8870.89
M006755,42075.7
M006756,10.67
M006757,40650.31
M006758,3975.22
M006759,2824.79
M006760,391.29
M006761,2497.4
M006762,13317.52
M006763,6678.5
M006764,4412.18
M006765,6943.82
M006766,178.99
M006767,562.93
M006768,419.86
M006769,7017.21
M006770,565.95
M006771,214930.69
M006772,7984.77
M006773,2285.34
M006774,2466.63
M006775,4497.65
M006776,741.8
M006777,133.9
M006778,1161.8
M006779,16121.57
M006780,2350.57
M006781,2013.2
M006782,6625.84
M006783,106.52
M006784,13323.12
M006785,8968.83
M006786,1274.45
M006787,173029.96
M006788,9690.21
M006789,1060.79
M006790,277.71
M006791,2161.23
M006792,2616.98
M006793,3245.05
M006794,5493.52
M006795,17565.71
M006796,13505.4
M006797,42630.88
M006798,3724.48
M006799,132.86
M006800,3225.45
M006801,52.1
M006802,17372.55
M006803,45988.35
M006804,1924.13
M006805,593.97
M006806,449.15
M006807,7025.34
M006808,589.98
M006809,23.75
M006810,30446.9
M006811,18165.18
M006812,145.94
M006813,1867.6
M006814,16315.12
M006815,3548.12
M006816,4676.2
M006817,226449.42
M006818,7282.94
M006819,6884.0
M006820,125.08
M006821,576.09
M006822,19134.53
M006823,10969.54
M006824,19326.53
M006825,1761.4
M006826,3216.48
M006827,258.54
M006828,3359.96
M006829,49449.2
M006830,7561.23
M006831,138025.56
M006832,9140.85
M006833,75505.8
M006834,42780.24
M006835,465.1
M006836,9868.15
M006837,434627.68
M006838,7095.75
M006839,676.3
M006840,48129.5
M006841,1942.98
M006842,423.56
M006843,3412.48
M006844,10434.23
M006845,4516.58
M006846,8136.06
M006847,2527.56
M006848,594.81
M006849,4625.84
M006850,1856.73
M006851,15723.71
M006852,12316.11
M006853,1025.15
M006854,42260.73
M006855,243.27
M006856,102251.47
M006857,5561.43
M006858,5820.37
M006859,1315.01
M006860,36516.4
M006861,3881.8
M006862,104455.38
M006863,4495.93
M006864,3730.58
M006865,1777.42
M006866,1613.49
M006867,2857.6
M006868,15.59
M006869,629.97
M006870,1209.18
M006871,3845.91
M006872,3330.45
M006873,102943.92
M006874,893.39
M006875,4321.85
M006876,3763.0
M006877,12731.33
M006878,2209.15
M006879,132287.7
M006880,25.8
M006881,19717.97
M006882,816.38
M006883,1207.82
M006884,2687.18
M006885,185.79
M006886,69.18
M006887,4834.01
M006888,108625.55
M006889,21129.22
M006890,182043.89
M006891,75998.85
M006892,25761.39
M006893,101200.0
M006894,1667.75
M006895,114.22
M006896,41218.66
M006897,30433.53
M006898,120469.95
M006899,3140.32
M006900,8723.85
M006901,2652.26
M006902,939.03
M006903,3739.2
M006904,9064.48
M006905,3031.76
M006906,169787.84
M006907,3875.1
M006908,469.95
M006909,46.27
M006910,390.92
M006911,1061.51
M006912,12.25
M006913,41.09
M006914,7557.23
M006915,37072.29
M006916,2513.46
M006917,41.2
M006918,5595.05
M006919,619.13
M006920,22238.98
M006921,214.46
M006922,5718.36
M006923,93734.7
M006924,19413.52
M006925,1699.0
M006926,16165.56
M006927,120.61
M006928,81841.14
M006929,638.5
M006930,28065.32
M006931,1264.72
M006932,7211.32
M006933,5306.69
M006934,7093.39
M006935,2847.83
M006936,356.35
M006937,12948.81
M006938,359.59
M006939,3157.63
M006940,31773.99
M006941,17958.11
M006942,18508.19
M006943,14.27
M006944,29722.82
M006945,913.69
M006946,2513.78
M006947,612.5
M006948,7574.24
M006949,4514.14
M006950,606281.71
M006951,422.95
M006952,40.33
M006953,683.23
M006954,1476.76
M006955,1781.49
M006956,17915.24
M006957,69584.21
M006958,113985.1
M006959,21082.98
M006960,3531.66
M006961,338.08
M006962,22.36
M006963,17896.04
M006964,5141.62
M006965,3767.27
M006966,4107.01
M006967,119.63
M006968,114.39
M006969,3994.27
M006970,26137.61
M006971,4017.95
M006972,1263.21
M006973,42174.72
M006974,7049.98
M006975,57.82
M006976,383.2
M006977,41011.3
M006978,5684.7
M006979,919.79
M006980,6498.64
M006981,4405.31
M006982,13473.32
M006983,43031.91
M006984,1520.56
M006985,45324.65
M006986,489.94
M006987,6586.72
M006988,115945.59
M006989,362.34
M006990,264864.29
M006991,675.79
M006992,4087.71
M006993,133281.22
M006994,155.89
M006995,164.47
M006996,3186.89
M006997,19.1
M006998,5576.51
M006999,89042.02
M007000,103994.69
M007001,35869.37
M007002,42870.11
M007003,4242.28
M007004,11470.18
M007005,396823.35
M007006,1841.97
M007007,119.43
M007008,12.35
M007009,10367.04
M007010,36.57
M007011,15142.28
M007012,2581.07
M007013,339.28
M007014,35.97
M007015,2632.53
M007016,24937.49
M007017,248.46
M007018,833.23
M007019,839.97
M007020,232443.27
M007021,32101.18
M007022,399.96
M007023,192.95
M007024,5994.9
M007025,1369.87
M007026,871.69
M007027,4656.44
M007028,72018.08
M007029,141.57
M007030,23413.58
M007031,242999.69
M007032,9659.77
M007033,105.66
M007034,6200.49
M007035,2949.57
M007036,1017.25
M007037,1017.54
M007038,9185.32
M007039,10730.94
M007040,30182.29
M007041,2265.76
M007042,235900.85
M007043,10641.09
M007044,3524.48
M007045,20943.4
M007046,7370.81
M007047,114149.65
M007048,2436.4
M007049,157.12
M007050,297.79
M007051,325.54
M007052,20952.05
M007053,2721.8
M007054,8275.07
M007055,3542.07
M007056,3117.84
M007057,7331.17
M007058,1417.4
M007059,17797.08
M007060,2834.42
M007061,606.47
M007062,4562.27
M007063,126566.86
M007064,499.18
M007065,24461.89
M007066,13373.0
M007067,850.13
M007068,20095.2
M007069,3689.23
M007070,6054.58
M007071,8997.92
M007072,5463.59
M007073,23.8
M007074,1316.12
M007075,57147.0
M007076,4839.4
M007077,460.28
M007078,361940.83
M007079,59880.04
M007080,11494.88
M007081,5504.38
M007082,265.02
M007083,4415.83
M007084,42.82
M007085,586.24
M007086,1405.79
M007087,7100.19
M007088,2172.7
M007089,4849.43
M007090,2840.05
M007091,8399.52
M007092,3410.4
M007093,273791.31
M007094,1545.62
M007095,2424.38
M007096,161760.79
M007097,1707.18
M007098,19.12
M007099,3961.63
M007100,3152.49
M007101,4736.05
M007102,189.01
M007103,56.9
M007104,13761.77
M007105,146113.8
M007106,8937.59
M007107,72683.18
M007108,40973.95
M007109,18249.86
M007110,879.41
M007111,15382.07
M007112,568362.5
M007113,10622.44
M007114,583.07
M007115,1344.05
M007116,637.69
M007117,215108.93
M007118,480.64
M007119,14449.71
M007120,55266.32
M007121,81855.83
M007122,1757.59
M007123,95.75
M007124,14781.18
M007125,169993.91
M007126,93.77
M007127,3.25
M007128,2633.13
M007129,18909.26
M007130,870.46
M007131,7795.57
M007132,33.46
M007133,1442.72
M007134,11082.96
M007135,3858.68
M007136,58700.53
M007137,27096.53
M007138,155.23
M007139,56344.21
M007140,308.7
M007141,857.49
M007142,2580.16
M007143,69.84
M007144,84491.08
M007145,10647.34
M007146,52.33
M007147,36062.26
M007148,359.95
M007149,34.7
M007150,351.69
M007151,378.5
M007152,261.9
M007153,1835.19
M007154,259.7
M007155,1531.29
M007156,2259.32
M007157,2939.44
M007158,52138.09
M007159,27471.31
M007160,1211.63
M007161,1932.83
M007162,43806.98
M007163,1259.47
M007164,64949.95
M007165,642.23
M007166,116531.33
M007167,22581.95
M007168,726.37
M007169,2112.74
M007170,267.78
M007171,1244.56
M007172,1649.64
M007173,75824.12
M007174,1698.4
M007175,1710.78
M007176,4444.78
M007177,7853.81
M007178,132.13
M007179,10196.65
M007180,340.64
M007181,2790.35
M007182,18735.11
M007183,40309.0
M007184,104.51
M007185,888.79
M007186,92.55
M007187,3963.51
M007188,773.88
M007189,18512.99
M007190,7912.18
M007191,1998.17
M007192,784.17
M007193,715.35
M007194,2221.77
M007195,1682.11
M007196,362834.16
M007197,590.44
M007198,298.9
M007199,1108.19
M007200,2857.84
M007201,406.76
M007202,24276.82
M007203,224.35
M007204,476025.09
M007205,1069057.69
M007206,1293.39
M007207,4251.44
M007208,8621.9
M007209,202.45
M007210,3066.34
M007211,94186.74
M007212,27639.46
M007213,4802.22
M007214,6436.99
M007215,5276.17
M007216,332.32
M007217,227.32
M007218,393420.47
M007219,21581.91
M007220,729.91
M007221,8623.02
M007222,141.15
M007223,104083.21
M007224,1851.81
M007225,1887.74
M007226,3350.39
M007227,23231.38
M007228,531.38
M007229,35977.66
M007230,310.8
M007231,54332.21
M007232,4808.55
M007233,8082.83
M007234,303413.14
M007235,5571.98
M007236,8668.37
M007237,214319.87
M007238,6612.41
M007239,24.45
M007240,18701.53
M007241,1331.91
M007242,62446.33
M007243,12233.18
M007244,95.29
M007245,28253.71
M007246,3632.63
M007247,106919.61
M007248,1174.4
M007249,2448.32
M007250,28227.43
M007251,677.7
M007252,426.39
M007253,7633.12
M007254,9934.35
M007255,4759.54
M007256,11542.66
M007257,1008.54
M007258,4667.56
M007259,2485.09
M007260,674.82
M007261,1416.96
M007262,1219.22
M007263,2312.8
M007264,693.01
M007265,87342.76
M007266,511.47
M007267,3.81
M007268,581.83
M007269,7967.0
M007270,14362.59
M007271,95.93
M007272,208216.6
M007273,3409.4
M007274,985.49
M007275,2948.96
M007276,1267.59
M007277,4927.91
M007278,6766.27
M007279,566.33
M007280,115041.89
M007281,18973.51
M007282,2579.56
M007283,3476.35
M007284,404.83
M007285,677.33
M007286,65305.72
M007287,2343.81
M007288,51522.44
M007289,2231.88
M007290,20650.03
M007291,1764.99
M007292,31734.59
M007293,5160.61
M007294,192.9
M007295,304.88
M007296,259.74
M007297,114.63
M007298,113.41
M007299,460.08
M007300,143011.41
M007301,1364.75
M007302,150331.26
M007303,1165.97
M007304,8063.51
M007305,5502.01
M007306,1149.98
M007307,545.23
M007308,1148.59
M007309,1169.09
M007310,33510.95
M007311,1139.15
M007312,59830.84
M007313,59868.07
M007314,151.02
M007315,89098.08
M007316,14.78
M007317,41307.61
M007318,10475.72
M007319,1901.82
M007320,805.19
M007321,286.84
M007322,586.99
M007323,1575.87
M007324,7228.47
M007325,948.82
M007326,44775.07
M007327,2771.14
M007328,53.18
M007329,835069.29
M007330,834.45
M007331,7434.56
M007332,4249.2
M007333,5490.16
M007334,874749.42
M007335,20323.86
M007336,573.9
M007337,2223.28
M007338,64.81
M007339,10.74
M007340,5607.58
M007341,3391.7
M007342,2480.66
M007343,263.44
M007344,31039.35
M007345,1511.35
M007346,8579.73
M007347,1278.82
M007348,13930.11
M007349,227.77
M007350,3998.52
M007351,3853.94
M007352,7292.81
M007353,734.95
M007354,3159.13
M007355,3372.32
M007356,2372.26
M007357,454.63
M007358,381.84
M007359,3146.16
M007360,1938.88
M007361,44088.85
M007362,371.5
M007363,1228536.5
M007364,2615.21
M007365,5125.86
M007366,4684.63
M007367,1847.87
M007368,9462.24
M007369,3761.63
M007370,1694.47
M007371,1323.55
M007372,26546.62
M007373,56607.79
M007374,12069.37
M007375,65308.79
M007376,431100.99
M007377,1033.41
M007378,2842.5
M007379,3551.48
M007380,2465.2
M007381,10378.71
M007382,37084.79
M007383,128982.33
M007384,273161.22
M007385,67.91
M007386,1087.98
M007387,570.6
M007388,8302.19
M007389,36830.81
M007390,7004.68
M007391,12003.39
M007392,16372.29
M007393,23030.62
M007394,14138.95
M007395,1362.96
M007396,1509.57
M007397,412.4
M007398,10177.46
M007399,302.27
M007400,11294.25
M007401,2162.78
M007402,65732.51
M007403,107856.05
M007404,438.47
M007405,912.19
M007406,12397.12
M007407,49.33
M007408,81.95
M007409,2119.02
M007410,10060.91
M007411,9620.92
M007412,21804.63
M007413,2759.05
M007414,47182.39
M007415,94748.68
M007416,11671.81
M007417,1471.17
M007418,16841.55
M007419,53939.53
M007420,105.68
M007421,116730.0
M007422,193.69
M007423,1350.35
M007424,6067.79
M007425,37571.0
M007426,4321.35
M007427,5616.19
M007428,8860.5
M007429,62340.92
M007430,18481.84
M007431,20383.33
M007432,414.14
M007433,14399.48
M007434,25.13
M007435,1176.59
M007436,24630.88
M007437,4714.67
M007438,106091.07
M007439,243.08
M007440,28877.42
M007441,11765.24
M007442,18674.44
M007443,514.93
M007444,10484.63
M007445,791.45
M007446,290598.69
M007447,250.67
M007448,223.54
M007449,56959.11
M007450,970.75
M007451,946.87
M007452,619.89
M007453,2501.42
M007454,43466.62
M007455,11788.89
M007456,218.61
M007457,46.26
M007458,1192.06
M007459,1308.92
M007460,15648.84
M007461,4443.99
M007462,1286.22
M007463,1079.07
M007464,7829.6
M007465,60768.75
M007466,3101.37
M007467,1014.91
M007468,2092.12
M007469,3211.94
M007470,19.07
M007471,189.4
M007472,19842.28
M007473,475.87
M007474,12346.38
M007475,12.79
M007476,1802.92
M007477,45684.5
M007478,80999.52
M007479,8167.09
M007480,7203.78
M007481,2065.98
M007482,2641.63
M007483,27886.59
M007484,11411.77
M007485,10032.94
M007486,82052.6
M007487,561.33
M007488,3102.61
M007489,2011.03
M007490,506.61
M007491,307.97
M007492,236.68
M007493,275.68
M007494,51842.09
M007495,50143.57
M007496,65173.51
M007497,6638.59
M007498,130027.38
M007499,1124.11
M007500,83.9
M007501,11267.53
M007502,6224.84
M007503,85626.0
M007504,9118.92
M007505,15863.52
M007506,114.17
M007507,1317.54
M007508,892.72
M007509,37828.86
M007510,7485.47
M007511,30072.78
M007512,2679.03
M007513,107.98
M007514,659.16
M007515,1213.84
M007516,848.69
M007517,4313.18
M007518,1130.57
M007519,12265.74
M007520,3962.46
M007521,19841.43
M007522,1912.61
M007523,26331.76
M007524,11502.94
M007525,1667.31
M007526,4499.42
M007527,9142.71
M007528,16328.67
M007529,154.11
M007530,859.42
M007531,54.47
M007532,545.86
M007533,18083.03
M007534,1064.69
M007535,280.16
M007536,1265.59
M007537,1403.44
M007538,8769.22
M007539,35447.01
M007540,1727.96
M007541,12247.44
M007542,10361.98
M007543,17080.27
M007544,15631.69
M007545,18278.72
M007546,3458.49
M007547,12710.68
M007548,7493.21
M007549,22381.72
M007550,35583.87
M007551,178.71
M007552,3600.28
M007553,3407.65
M007554,7567.51
M007555,214.15
M007556,210.01
M007557,807.99
M007558,526.42
M007559,7467.39
M007560,3090.78
M007561,45134.09
M007562,9031.81
M007563,4566.02
M007564,241.94
M007565,1414.86
M007566,2407542.17
M007567,38.24
M007568,4029.1
M007569,913.14
M007570,4244.94
M007571,2626.38
M007572,812.68
M007573,816.98
M007574,411.8
M007575,3091.64
M007576,27490.91
M007577,986.11
M007578,9990.56
M007579,20620.61
M007580,6300.28
M007581,1357.85
M007582,6852.85
M007583,35.13
M007584,3133.08
M007585,186009.78
M007586,7632.42
M007587,8814.43
M007588,18648.52
M007589,1726.29
M007590,34588.08
M007591,4563.24
M007592,114.66
M007593,4230.27
M007594,1283739.56
M007595,17454.79
M007596,975861.7
M007597,3787.48
M007598,897.58
M007599,1574.57
M007600,1245.83
M007601,5956.54
M007602,49.28
M007603,19352546.48
M007604,568.86
M007605,1351.23
M007606,1504.91
M007607,27479.21
M007608,47.75
M007609,81.21
M007610,146970.49
M007611,12900.88
M007612,54833.78
M007613,1931.69
M007614,6041.71
M007615,219.01
M007616,445.92
M007617,1298.21
M007618,1509.29
M007619,8940.57
M007620,4650.14
M007621,526.76
M007622,425.74
M007623,18184.68
M007624,157.88
M007625,180.24
M007626,7660.85
M007627,161981.88
M007628,1948.36
M007629,1442575.45
M007630,2752.35
M007631,5374.29
M007632,10523.64
M007633,7448.41
M007634,163015.29
M007635,10148.55
M007636,18069.1
M007637,769.19
M007638,2193.95
M007639,12853.36
M007640,70886.38
M007641,262.47
M007642,6698.69
M007643,186.18
M007644,176434.94
M007645,21512.59
M007646,108802.9
M007647,301709.46
M007648,37.29
M007649,16166.08
M007650,191.0
M007651,4757.26
M007652,6947.21
M007653,108236.63
M007654,7370.91
M007655,2872.0
M007656,1337.14
M007657,3541.17
M007658,1107.08
M007659,1638.08
M007660,40.31
M007661,1513.54
M007662,25332.13
M007663,948.29
M007664,1047.87
M007665,7186.92
M007666,3827.23
M007667,91860.15
M007668,4132.14
M007669,2527.67
M007670,3276.15
M007671,1972.37
M007672,5602.52
M007673,806.85
M007674,5412.54
M007675,1023.7
M007676,2482.38
M007677,2506.98
M007678,3560.78
M007679,10136.8
M007680,1218.49
M007681,6817.62
M007682,644389.41
M007683,11942.7
M007684,7245.16
M007685,418286.28
M007686,1130.76
M007687,1899.16
M007688,22703.93
M007689,288.65
M007690,985.04
M007691,68960.89
M007692,10630.83
M007693,693.9
M007694,3304.02
M007695,50.06
M007696,1314.18
M007697,196.32
M007698,453.22
M007699,29.94
M007700,54970.64
M007701,25659.35
M007702,641.39
M007703,125.18
M007704,264.72
M007705,11929.71
M007706,17794.48
M007707,38799.4
M007708,37990.75
M007709,1084.01
M007710,102395.54
M007711,606.94
M007712,215.61
M007713,728.34
M007714,1620.67
M007715,48109.79
M007716,2880.7
M007717,8355.58
M007718,393540.13
M007719,305.38
M007720,41.16
M007721,76.66
M007722,583.01
M007723,1472.96
M007724,888.82
M007725,4310.18
M007726,3746.61
M007727,351.14
M007728,734.1
M007729,3025.59
M007730,1017.13
M007731,25544.59
M007732,90705.79
M007733,1529.51
M007734,558.35
M007735,126577.35
M007736,2494.97
M007737,137712.53
M007738,1103.7
M007739,11.64
M007740,10384.1
M007741,7667.28
M007742,8523.49
M007743,4670.51
M007744,1291.06
M007745,34.82
M007746,7.53
M007747,50.69
M007748,1136.76
M007749,2668.15
M007750,12065.5
M007751,5568.58
M007752,15591.34
M007753,884.06
M007754,16330.3
M007755,6184.76
M007756,1757.35
M007757,472.6
M007758,417.21
M007759,1417.17
M007760,178.49
M007761,259.23
M007762,51907.61
M007763,16800.86
M007764,187.14
M007765,24992.41
M007766,3365.56
M007767,8203.74
M007768,6372.22
M007769,9917.66
M007770,124.63
M007771,20194.65
M007772,256.72
M007773,24.1
M007774,13272.39
M007775,22.5
M007776,808.17
M007777,520.72
M007778,6517.45
M007779,35392.92
M007780,3134.04
M007781,1620.04
M007782,607.13
M007783,40117.35
M007784,539581.07
M007785,25482.9
M007786,82418.94
M007787,5543.96
M007788,10225.83
M007789,135.45
M007790,1468.89
M007791,4190.8
M007792,6103.26
M007793,13408.78
M007794,60777.74
M007795,371.8
M007796,5293.83
M007797,616.05
M007798,2490.39
M007799,5012.42
M007800,4321.88
M007801,684.73
M007802,80065.61
M007803,987.27
M007804,1981.86
M007805,52374.19
M007806,8850.27
M007807,16261.18
M007808,14077.22
M007809,137.64
M007810,161.51
M007811,1231.57
M007812,254.85
M007813,11765.71
M007814,93704.88
M007815,226283.73
M007816,74.14
M007817,88.58
M007818,48.69
M007819,57239.52
M007820,62260.36
M007821,2173.6
M007822,61143.68
M007823,29741.65
M007824,33002.97
M007825,17940.6
M007826,4.82
M007827,1444.21
M007828,51.46
M007829,129639.25
M007830,254.37
M007831,27035.07
M007832,13331.72
M007833,1794.7
M007834,11050.32
M007835,8505.0
M007836,521.44
M007837,9.69
M007838,1642.26
M007839,1832.24
M007840,4100.87
M007841,1262149.84
M007842,37339.55
M007843,1491.22
M007844,3400.81
M007845,8378.28
M007846,244.94
M007847,12.47
M007848,18687.89
M007849,313.02
M007850,8727.77
M007851,2091.84
M007852,6931.38
M007853,1622.45
M007854,31602.03
M007855,6.76
M007856,1326.66
M007857,2398.78
M007858,208.89
M007859,39763.73
M007860,1339.19
M007861,33921.21
M007862,33.76
M007863,1884.67
M007864,16594.91
M007865,2648.53
M007866,3864.0
M007867,15363.61
M007868,2561.17
M007869,16553.69
M007870,240446.16
M007871,440.59
M007872,7462.28
M007873,15496.16
M007874,13344.51
M007875,29.18
M007876,20556.61
M007877,793.45
M007878,3760.24
M007879,12673.01
M007880,903.6
M007881,1704.55
M007882,2538.31
M007883,619880.12
M007884,150.64
M007885,375.95
M007886,7.91
M007887,9332.11
M007888,51116.04
M007889,281.24
M007890,504.02
M007891,189794.26
M007892,6265.27
M007893,3538.11
M007894,19113.64
M007895,15034.53
M007896,580.31
M007897,9753.83
M007898,1999.8
M007899,2627.04
M007900,1308.15
M007901,54476.24
M007902,260.72
M007903,1635.83
M007904,2652.62
M007905,986.04
M007906,122909.3
M007907,58855.07
M007908,3575.59
M007909,532.08
M007910,121840.13
M007911,3777.39
M007912,3294.0
M007913,1021.04
M007914,2154.66
M007915,9344.51
M007916,19796.57
M007917,1342.52
M007918,497.78
M007919,3818.44
M007920,1876.31
M007921,10426.36
M007922,11328.8
M007923,3784.81
M007924,24424.65
M007925,9.24
M007926,2623.46
M007927,1972.35
M007928,18234.4
M007929,20757.98
M007930,15466.38
M007931,46757.19
M007932,156686.41
M007933,400.02
M007934,218.78
M007935,3191.72
M007936,3267.2
M007937,13483.94
M007938,289.97
M007939,337.53
M007940,14585.95
M007941,173.37
M007942,2677.22
M007943,92111.77
M007944,242252.96
M007945,817.55
M007946,1474.55
M007947,48.67
M007948,151.9
M007949,7493.07
M007950,28068.63
M007951,306.27
M007952,237979.9
M007953,116189.17
M007954,2962.35
M007955,211.59
M007956,47142.53
M007957,14335.78
M007958,773.54
M007959,2876.79
M007960,1510.09
M007961,1619.77
M007962,135914.37
M007963,35082.01
M007964,3875.57
M007965,22821.46
M007966,8684.45
M007967,1768.82
M007968,1027.85
M007969,138.88
M007970,10292.9
M007971,428.24
M007972,3686.74
M007973,3079.67
M007974,222.81
M007975,2138.98
M007976,4016.63
M007977,7001.99
M007978,141442.64
M007979,17.6
M007980,1443.72
M007981,13884.08
M007982,449.11
M007983,3122.77
M007984,707.56
M007985,309.48
M007986,3422.18
M007987,29208.64
M007988,250375.28
M007989,4937.53
M007990,51279.15
M007991,114101.87
M007992,1114.98
M007993,149.24
M007994,11938.76
M007995,222.05
M007996,21769.04
M007997,498.69
M007998,300754.02
M007999,106057.61
M008000,5733.73
M008001,80.0
M008002,9879.46
M008003,20074.57
M008004,89.27
M008005,5843.91
M008006,12068.94
M008007,307.38
M008008,235.1
M008009,34359.26
M008010,4374.81
M008011,15849425.96
M008012,6046.25
M008013,2938.84
M008014,51040.65
M008015,763.22
M008016,91911.56
M008017,196.51
M008018,433461.53
M008019,29358.96
M008020,71327.57
M008021,29.42
M008022,782.58
M008023,554.84
M008024,33128.92
M008025,81.78
M008026,1116.85
M008027,1941.44
M008028,53188.93
M008029,38692.04
M008030,1210.73
M008031,3670.5
M008032,95664.66
M008033,29283.7
M008034,8178.8
M008035,108621.51
M008036,805.3
M008037,117.24
M008038,66785.88
M008039,5216.78
M008040,34899.66
M008041,8920.37
M008042,194.63
M008043,6790.72
M008044,2186.2
M008045,41291.16
M008046,2546.83
M008047,19688.93
M008048,1045.8
M008049,35148.39
M008050,838.85
M008051,13134.03
M008052,8879.98
M008053,104487.12
M008054,17333.94
M008055,3809.95
M008056,2645.36
M008057,1728.2
M008058,14388.15
M008059,610782.96
M008060,907.27
M008061,1390.4
M008062,20764.76
M008063,1596.97
M008064,214.76
M008065,10660.16
M008066,4690.01
M008067,26992.09
M008068,181.72
M008069,123.01
M008070,267.31
M008071,169.45
M008072,4193.15
M008073,30.97
M008074,4199.62
M008075,2885.48
M008076,3103.02
M008077,2468.41
M008078,1063.21
M008079,1858.84
M008080,6831.29
M008081,16924.35
M008082,118274.12
M008083,16173.76
M008084,904.91
M008085,80.2
M008086,53752.15
M008087,460.09
M008088,1430.05
M008089,5626.56
M008090,24.89
M008091,140342.68
M008092,6319.06
M008093,20261.78
M008094,1778.83
M008095,432.91
M008096,1770.19
M008097,856.13
M008098,59.62
M008099,1190.73
M008100,98464.02
M008101,6808.89
M008102,3420.79
M008103,572.0
M008104,26.77
M008105,13338.02
M008106,6320.66
M008107,2959.56
M008108,100081.14
M008109,184.4
M008110,684.27
M008111,340.84
M008112,48.93
M008113,905.53
M008114,193.29
M008115,11087.07
M008116,7807.66
M008117,62889.31
M008118,2356.83
M008119,710.0
M008120,13052.2
M008121,1980.46
M008122,248057.5
M008123,4965.96
M008124,283.16
M008125,34644.54
M008126,7992.69
M008127,114.32
M008128,2245.77
M008129,19173.86
M008130,963118.13
M008131,591.62
M008132,8369.5
M008133,1301.79
M008134,1733.96
M008135,472596.44
M008136,765.21
M008137,1023.32
M008138,37013.52
M008139,95.25
M008140,1199.77
M008141,320.75
M008142,1141.63
M008143,52.46
M008144,1708.18
M008145,787.16
M008146,998.78
M008147,508.99
M008148,4751.88
M008149,442.13
M008150,12335.77
M008151,171.94
M008152,5307.05
M008153,2329.45
M008154,4761.17
M008155,1614.4
M008156,4422.88
M008157,3997.53
M008158,47122.39
M008159,3148.31
M008160,13944.73
M008161,13.33
M008162,10918.06
M008163,2737.96
M008164,117.22
M008165,113.25
M008166,2236.95
M008167,93838.81
M008168,312.97
M008169,31623.02
M008170,1432.39
M008171,46145.72
M008172,1166.18
M008173,264.57
M008174,1297.46
M008175,46876.07
M008176,2719.21
M008177,2699.15
M008178,26924.37
M008179,16731.56
M008180,105.2
M008181,2351.94
M008182,2464.38
M008183,43.61
M008184,223.55
M008185,4677.97
M008186,14796.35
M008187,1193.26
M008188,11360.85
M008189,10191.15
M008190,26085.78
M008191,958.29
M008192,225.01
M008193,6112.2
M008194,30862.99
M008195,712.13
M008196,883.14
M008197,3523.77
M008198,375.37
M008199,113600.15
M008200,102.96
M008201,662.86
M008202,2249.73
M008203,15280.98
M008204,1023.41
M008205,1055.28
M008206,32205.66
M008207,1510.39
M008208,35849.64
M008209,14431.4
M008210,1468.44
M008211,3619.69
M008212,791.3
M008213,744748.01
M008214,8091.57
M008215,2945.11
M008216,392.39
M008217,6294.86
M008218,130518.86
M008219,3936.04
M008220,15938.54
M008221,3261.57
M008222,1479.41
M008223,32685.57
M008224,710.41
M008225,10518.75
M008226,37111.82
M008227,7335.8
M008228,2343.4
M008229,5727.91
M008230,20569.87
M008231,6969.94
M008232,375.45
M008233,12454.49
M008234,60.81
M008235,662.44
M008236,17796.29
M008237,1832.45
M008238,110772.77
M008239,723.3
M008240,2075.21
M008241,6904.09
M008242,10755.08
M008243,3049.97
M008244,7282.84
M008245,54912.59
M008246,616.6
M008247,7112.75
M008248,2233.04
M008249,2974.43
M008250,609.35
M008251,28557.57
M008252,750.84
M008253,488.17
M008254,7935.51
M008255,1784.85
M008256,2320.42
M008257,38589.8
M008258,315.58
M008259,2615.07
M008260,9687.24
M008261,661.1
M008262,23.41
M008263,5236.53
M008264,205.15
M008265,109945.6
M008266,11322.55
M008267,34522.21
M008268,6091.82
M008269,523.15
M008270,2106.25
M008271,4963.74
M008272,13540.19
M008273,5058.42
M008274,39244.01
M008275,4747.0
M008276,4219.97
M008277,4999.39
M008278,545.5
M008279,479.55
M008280,172898.78
M008281,212.36
M008282,15091.18
M008283,44.49
M008284,2992.18
M008285,4806.12
M008286,6322.62
M008287,3185.85
M008288,65.47
M008289,5719.12
M008290,4716.46
M008291,36239.95
M008292,7769.08
M008293,4982.07
M008294,17250.67
M008295,7167.32
M008296,135327.45
M008297,316.41
M008298,4433.72
M008299,3518.47
M008300,28470.04
M008301,250.74
M008302,4420.45
M008303,76936.46
M008304,550.38
M008305,12520.25
M008306,14.3
M008307,15069.78
M008308,321604.02
M008309,2434.73
M008310,1813.96
M008311,303.87
M008312,1052.2
M008313,63159.72
M008314,10106.57
M008315,7068.89
M008316,62.57
M008317,10942.16
M008318,10203.91
M008319,1030.1
M008320,642.34
M008321,31233.06
M008322,13707.94
M008323,287.78
M008324,193982.47
M008325,3141.86
M008326,129.68
M008327,1076.59
M008328,424.83
M008329,86218.93
M008330,831.64
M008331,2375.81
M008332,18963.02
M008333,5155.77
M008334,5432.79
M008335,113.93
M008336,41187.31
M008337,1251.83
M008338,2324.26
M008339,58.41
M008340,39877.98
M008341,2623.81
M008342,10577.4
M008343,11546.23
M008344,97115.5
M008345,1647.94
M008346,325.36
M008347,2576.08
M008348,893.09
M008349,2659.61
M008350,2846.19
M008351,482.52
M008352,37.68
M008353,310315.34
M008354,21860.4
M008355,11780.55
M008356,821.58
M008357,3358.72
M008358,1483.87
M008359,61700.06
M008360,9499.22
M008361,9054.28
M008362,831.29
M008363,467690.89
M008364,5809.79
M008365,155.7
M008366,42833.07
M008367,17736.32
M008368,21386.77
M008369,283.98
M008370,2155.74
M008371,15991.38
M008372,452.96
M008373,5491.67
M008374,13069.21
M008375,197070.92
M008376,1190.11
M008377,5075.47
M008378,138.8
M008379,360.47
M008380,447.25
M008381,7169.58
M008382,1948.13
M008383,9702.95
M008384,1930.01
M008385,249130.45
M008386,4649.97
M008387,67.23
M008388,1215.75
M008389,4536.69
M008390,255817.73
M008391,22640.52
M008392,2637.89
M008393,7009.05
M008394,94334.78
M008395,6931.14
M008396,9532.47
M008397,1806.19
M008398,962.84
M008399,304061.66
M008400,22238.19
M008401,66253.11
M008402,14351.06
M008403,34.92
M008404,1561.4
M008405,72941.65
M008406,335.18
M008407,301373.98
M008408,112.79
M008409,5807.27
M008410,33844.4
M008411,539637.16
M008412,26.13
M008413,1213.25
M008414,154.41
M008415,46.25
M008416,229.51
M008417,13.55
M008418,59855.69
M008419,12739.22
M008420,1568.46
M008421,105824.63
M008422,263.41
M008423,11362.72
M008424,2750.89
M008425,29891.16
M008426,6530.12
M008427,79431.65
M008428,3944.78
M008429,29.41
M008430,1558.25
M008431,4380.14
M008432,8669.24
M008433,2764.89
M008434,7602.51
M008435,844.56
M008436,452.31
M008437,321.49
M008438,56.29
M008439,128510.37
M008440,2719.35
M008441,2731.08
M008442,21909.22
M008443,608.67
M008444,64583.23
M008445,24248.34
M008446,2524.57
M008447,293.93
M008448,149.35
M008449,188.42
M008450,109016.8
M008451,2201.44
M008452,754.8
M008453,28893.13
M008454,4688.66
M008455,12129.78
M008456,116986.65
M008457,1906.44
M008458,43626.71
M008459,1418.33
M008460,137.58
M008461,19051.84
M008462,8935.55
M008463,95609.54
M008464,4360.8
M008465,68449.78
M008466,4933.15
M008467,25527.02
M008468,1507.19
M008469,6025.2
M008470,12761.48
M008471,4008.47
M008472,12147.14
M008473,6977.4
M008474,44616.35
M008475,97035.03
M008476,5238.8
M008477,2996.52
M008478,2058.45
M008479,93002.39
M008480,619.41
M008481,743.62
M008482,7672.82
M008483,2753.02
M008484,70367.45
M008485,2324.6
M008486,79094.44
M008487,95.18
M008488,45.69
M008489,60286.67
M008490,10597.9
M008491,196.34
M008492,1066333.68
M008493,1393.94
M008494,11032.84
M008495,13769.69
M008496,150243.5
M008497,7704.84
M008498,54703.83
M008499,6597.49
M008500,1604.46
M008501,25145.84
M008502,1026.52
M008503,7283.02
M008504,1926.65
M008505,395.27
M008506,17990.05
M008507,957.18
M008508,155385.2
M008509,8340.58
M008510,221.54
M008511,585.77
M008512,162.95
M008513,17509.13
M008514,945.86
M008515,18373.56
M008516,8492.28
M008517,649.22
M008518,187261.98
M008519,6915.26
M008520,500.73
M008521,882.58
M008522,901.41
M008523,4885.66
M008524,24411.48
M008525,379.67
M008526,298550.53
M008527,835.32
M008528,2299.78
M008529,5932.27
M008530,554.21
M008531,23870.74
M008532,5501.66
M008533,708.99
M008534,77641.97
M008535,1113.31
M008536,3218.37
M008537,200.76
M008538,255.39
M008539,9367.31
M008540,456602.01
M008541,298001.33
M008542,8741.65
M008543,8244.37
M008544,2521.25
M008545,2174.02
M008546,4046550.8
M008547,1575.45
M008548,18789.78
M008549,1461.55
M008550,312.54
M008551,1458.1
M008552,49456.89
M008553,211.46
M008554,134166.82
M008555,3421.36
M008556,16661.18
M008557,193518.31
M008558,50.34
M008559,68330.93
M008560,5899.5
M008561,397.44
M008562,23626.59
M008563,3213.55
M008564,3.26
M008565,732.15
M008566,105.09
M008567,362.49
M008568,18031.71
M008569,681.46
M008570,19426.79
M008571,7664.95
M008572,31361.4
M008573,50516.29
M008574,405.01
M008575,26531.32
M008576,1487.06
M008577,333.35
M008578,5626.41
M008579,2887.6
M008580,1628.87
M008581,37678.42
M008582,108.69
M008583,1070.0
M008584,563.74
M008585,200.54
M008586,128.57
M008587,5179.18
M008588,516875.19
M008589,2851.02
M008590,8108.63
M008591,272703.0
M008592,127417.17
M008593,2939.32
M008594,438783.47
M008595,3334.85
M008596,3323.14
M008597,841.71
M008598,1092.85
M008599,1758.62
M008600,1607.97
M008601,133719.35
M008602,3186.33
M008603,7266.28
M008604,368967.62
M008605,6359.26
M008606,374.17
M008607,703.67
M008608,13830.68
M008609,22854.26
M008610,122.83
M008611,89557.76
M008612,20849.27
M008613,456.62
M008614,7896.91
M008615,12613.25
M008616,5085.87
M008617,6104.72
M008618,711.99
M008619,35653.22
M008620,16363.53
M008621,708.07
M008622,11762.44
M008623,86.79
M008624,797.86
M008625,2328.97
M008626,6874.09
M008627,944.85
M008628,1979.73
M008629,7922.34
M008630,2514.29
M008631,9160.74
M008632,29613.75
M008633,889.36
M008634,7157.35
M008635,10816.9
M008636,5389.16
M008637,1751962.83
M008638,1618.54
M008639,402851.45
M008640,7868.44
M008641,8662.83
M008642,1224.07
M008643,109.96
M008644,2757.71
M008645,41.39
M008646,49.82
M008647,66166.33
M008648,1109.19
M008649,126653.61
M008650,172.24
M008651,3924.01
M008652,2066.61
M008653,1081.21
M008654,1781854.73
M008655,243386.76
M008656,1129602.16
M008657,17894.01
M008658,8681.12
M008659,294061.97
M008660,2818.34
M008661,26063.25
M008662,1857.98
M008663,22735.1
M008664,2261.63
M008665,20077.4
M008666,248.11
M008667,9219.5
M008668,12052.95
M008669,3027.42
M008670,13468.28
M008671,21635.22
M008672,8988.32
M008673,35331.63
M008674,7172.64
M008675,9262.2
M008676,182450.65
M008677,187583.18
M008678,8347.11
M008679,7017.32
M008680,3949.56
M008681,553.1
M008682,3723.71
M008683,62255.91
M008684,4716.9
M008685,28775.35
M008686,2203.11
M008687,155.2
M008688,262.73
M008689,4.56
M008690,2391.59
M008691,3135.77
M008692,102750.44
M008693,5536.2
M008694,106567.23
M008695,4950.94
M008696,12810.87
M008697,6348.15
M008698,34.47
M008699,6379.03
M008700,1799.43
M008701,3885.79
M008702,18.71
M008703,304.03
M008704,4701.9
M008705,11650.86
M008706,319279.52
M008707,17711.31
M008708,3531.25
M008709,64446.93
M008710,4027.51
M008711,4026.73
M008712,16425.72
M008713,44501.97
M008714,7881.92
M008715,220.96
M008716,5095.53
M008717,776.28
M008718,58298.02
M008719,634.61
M008720,625.41
M008721,31658.63
M008722,1775401.45
M008723,167181.21
M008724,101.35
M008725,17094.94
M008726,5549.46
M008727,1412.97
M008728,571.55
M008729,187083.09
M008730,14873.04
M008731,14275.62
M008732,212.56
M008733,7268.38
M008734,2083.97
M008735,498.08
M008736,2703.76
M008737,902.37
M008738,16.23
M008739,19998.0
M008740,3253.01
M008741,22465.62
M008742,12580.66
M008743,438.13
M008744,229.46
M008745,2737.7
M008746,8901.33
M008747,558.04
M008748,31857.82
M008749,47.86
M008750,4122.86
M008751,6386.24
M008752,500.96
M008753,4017.17
M008754,914.45
M008755,3369.01
M008756,3074.3
M008757,299.71
M008758,1981.55
M008759,1364.56
M008760,1418.05
M008761,13789.43
M008762,1879.45
M008763,5715.01
M008764,1934.02
M008765,6439.4
M008766,12545.58
M008767,52105.73
M008768,166137.13
M008769,1235.28
M008770,36.03
M008771,5850.9
M008772,436.41
M008773,89584.01
M008774,155.04
M008775,16217.82
M008776,336.08
M008777,146.9
M008778,2763.11
M008779,149.68
M008780,2126.43
M008781,347.6
M008782,206.23
M008783,10348.23
M008784,11495.83
M008785,30166.34
M008786,186684.22
M008787,1854.64
M008788,2774.94
M008789,6253.25
M008790,5938.64
M008791,5830.85
M008792,3535.2
M008793,3065.79
M008794,3197.81
M008795,36914.21
M008796,2523.82
M008797,2526.16
M008798,1626.01
M008799,764.03
M008800,13167.92
M008801,754.11
M008802,189.74
M008803,5644.6
M008804,87325.94
M008805,12.64
M008806,14419.21
M008807,282.87
M008808,757.1
M008809,3721.2
M008810,2419.84
M008811,18344.12
M008812,230.07
M008813,4921.26
M008814,48109.0
M008815,20264.53
M008816,340.37
M008817,76977.9
M008818,74.53
M008819,18438.95
M008820,870.2
M008821,1007.98
M008822,12007.51
M008823,6940.98
M008824,16475.68
M008825,3535.18
M008826,3097.03
M008827,235.12
M008828,29111.51
M008829,162669.92
M008830,1734.11
M008831,33066.2
M008832,69522.45
M008833,4583.05
M008834,93.1
M008835,559.29
M008836,1844.54
M008837,544.91
M008838,2129.57
M008839,3645.81
M008840,2739.3
M008841,152.25
M008842,4571.11
M008843,3260.16
M008844,20.97
M008845,17928.84
M008846,64607.47
M008847,4783.84
M008848,15622.15
M008849,53.37
M008850,12.8
M008851,1086.74
M008852,6010.4
M008853,94.92
M008854,16291.16
M008855,716.12
M008856,167250.96
M008857,6137.33
M008858,1598.55
M008859,4118603.15
M008860,2988.92
M008861,60562.4
M008862,861.7
M008863,66130.77
M008864,47650.07
M008865,178.41
M008866,2205.95
M008867,11670.98
M008868,15080.47
M008869,19369.57
M008870,7867.44
M008871,58.62
M008872,1431.99
M008873,328066.15
M008874,1014.18
M008875,91.3
M008876,50045.25
M008877,33445.5
M008878,11178.15
M008879,4067.54
M008880,120.02
M008881,122852.31
M008882,10120.27
M008883,174243.98
M008884,1469.62
M008885,2083.45
M008886,147751.18
M008887,3422.75
M008888,1623.94
M008889,1826.92
M008890,126.83
M008891,8194.28
M008892,58799.92
M008893,39646.58
M008894,16707.68
M008895,159.26
M008896,52344.18
M008897,16661.79
M008898,1848.41
M008899,261.78
M008900,13615.98
M008901,36204.34
M008902,11334.6
M008903,159298.36
M008904,2182.34
M008905,56.16
M008906,184.12
M008907,16225.57
M008908,5894.2
M008909,40239.53
M008910,46917.15
M008911,1463.95
M008912,3321.52
M008913,1537.79
M008914,36822.89
M008915,49751.74
M008916,9524.75
M008917,25058.27
M008918,12253.06
M008919,1427.62
M008920,12.43
M008921,1141.22
M008922,95907.28
M008923,24145.5
M008924,3174.84
M008925,197.15
M008926,47453.61
M008927,45218.38
M008928,4695.27
M008929,8765.5
M008930,6959.83
M008931,592408.98
M008932,4246.42
M008933,18564.42
M008934,2551.76
M008935,1334.96
M008936,1157.68
M008937,557935.36
M008938,21531.64
M008939,40886.19
M008940,212457.37
M008941,2.46
M008942,356.96
M008943,15172.01
M008944,219239.86
M008945,1060.19
M008946,4723.35
M008947,20738.01
M008948,8505.11
M008949,879.94
M008950,26919.89
M008951,3502.42
M008952,626.14
M008953,3320.4
M008954,782601.05
M008955,1873.48
M008956,311.61
M008957,6667.9
M008958,112.66
M008959,213.93
M008960,159541.29
M008961,833.17
M008962,23951.44
M008963,19066.62
M008964,3251.91
M008965,20324.21
M008966,447.67
M008967,6572.18
M008968,5630.62
M008969,425918.72
M008970,4726.82
M008971,13806.15
M008972,18781.24
M008973,58657.23
M008974,1203.98
M008975,3016.28
M008976,5082.64
M008977,1375.66
M008978,1756.14
M008979,7933.13
M008980,1838.46
M008981,542046.08
M008982,9988.09
M008983,114422.49
M008984,2614.72
M008985,9249.91
M008986,2453.58
M008987,272.09
M008988,728.01
M008989,7034.15
M008990,4443.08
M008991,2.37
M008992,324.42
M008993,62.28
M008994,196108.26
M008995,376831.13
M008996,3848.86
M008997,355.83
M008998,32371.68
M008999,516.44
M009000,4662.52
M009001,4557.49
M009002,26771.74
M009003,57978.3
M009004,3591.37
M009005,1061.73
M009006,3961.07
M009007,71584.85
M009008,1041.62
M009009,266.6
M009010,124.6
M009011,20971.92
M009012,7873.08
M009013,117.36
M009014,2142.88
M009015,1142.03
M009016,16646.53
M009017,10088.54
M009018,651.82
M009019,46572.7
M009020,16204.13
M009021,40964.4
M009022,6036.68
M009023,1908.82
M009024,1484.87
M009025,176.78
M009026,9337.33
M009027,3076.09
M009028,1460.4
M009029,167.45
M009030,788.03
M009031,1168.87
M009032,1052.05
M009033,1033.47
M009034,4649.42
M009035,1232.6
M009036,7883.57
M009037,238.98
M009038,4738.68
M009039,1593.42
M009040,56040.8
M009041,2792.45
M009042,1852.24
M009043,3472.14
M009044,7210.83
M009045,1468.5
M009046,6100.02
M009047,2569.45
M009048,17668.34
M009049,10310.87
M009050,4153.11
M009051,3696.64
M009052,98.02
M009053,463.1
M009054,47.57
M009055,1402.14
M009056,17480.23
M009057,982.82
M009058,2178.62
M009059,49511.23
M009060,19396.99
M009061,4871.52
M009062,16702.94
M009063,161272.14
M009064,627.45
M009065,6744.41
M009066,71926.0
M009067,726.44
M009068,9873.39
M009069,8150.94
M009070,81.34
M009071,4756.52
M009072,100.3
M009073,780.97
M009074,6033.39
M009075,3556.76
M009076,44916.26
M009077,9121.23
M009078,112996.69
M009079,1223.7
M009080,522.5
M009081,2393.31
M009082,2148.39
M009083,61804.19
M009084,874.32
M009085,79164.96
M009086,6205.23
M009087,12923.24
M009088,615.8
M009089,1296468.23
M009090,34211.61
M009091,310.76
M009092,71.53
M009093,186.08
M009094,38005.73
M009095,3077.4
M009096,9114.0
M009097,1151.91
M009098,289.38
M009099,1766.22
M009100,10520.34
M009101,658.59
M009102,6371.01
M009103,17791.84
M009104,53447.39
M009105,13220.91
M009106,18489.76
M009107,225.99
M009108,64384.07
M009109,865.49
M009110,1517.81
M009111,1404.18
M009112,26058.75
M009113,7222.77
M009114,1745.81
M009115,1394.2
M009116,4520.36
M009117,461.2
M009118,21825.98
M009119,3242.29
M009120,40595.94
M009121,704.61
M009122,1728.15
M009123,20274.1
M009124,68164.83
M009125,1959.19
M009126,552.54
M009127,2543.74
M009128,1884.7
M009129,21508.97
M009130,13336.85
M009131,33675.05
M009132,51724.65
M009133,974.71
M009134,16996.33
M009135,149.95
M009136,22.57
M009137,338.25
M009138,470.33
M009139,4556.31
M009140,9443.04
M009141,5455.61
M009142,187.99
M009143,678.61
M009144,2657.92
M009145,13561.48
M009146,7627.33
M009147,8453.37
M009148,1131.06
M009149,196.52
M009150,26515.99
M009151,1514.53
M009152,3731.62
M009153,8680.68
M009154,10086.22
M009155,856.3
M009156,3594.99
M009157,4654.48
M009158,21041.14
M009159,14218.56
M009160,1669.12
M009161,34275.43
M009162,829.67
M009163,59507.05
M009164,823.26
M009165,230.98
M009166,5440.4
M009167,70897.4
M009168,200.99
M009169,15168.35
M009170,56055.2
M009171,14428.55
M009172,120516.7
M009173,527548.07
M009174,3874.76
M009175,87.11
M009176,6986.1
M009177,277.17
M009178,3573.52
M009179,40264.93
M009180,9833.1
M009181,63.8
M009182,63065.33
M009183,3276.16
M009184,396.57
M009185,348869.2
M009186,6205.93
M009187,407.31
M009188,11040.26
M009189,1978.1
M009190,9170.56
M009191,26948.78
M009192,274467.26
M009193,71342.06
M009194,12001.75
M009195,23715.73
M009196,1201.38
M009197,2350.21
M009198,1872.39
M009199,6307.74
M009200,613.56
M009201,717.48
M009202,1433.38
M009203,259.87
M009204,8287.96
M009205,98828.32
M009206,53678.43
M009207,923.63
M009208,25890.36
M009209,386467.89
M009210,21688.84
M009211,1751.28
M009212,1583.13
M009213,179846.79
M009214,42536.95
M009215,993.04
M009216,138180.22
M009217,103.49
M009218,22494.83
M009219,2337.62
M009220,4109.17
M009221,15826.64
M009222,3988.51
M009223,1165.83
M009224,690.8
M009225,50.7
M009226,2574.83
M009227,156556.48
M009228,110374.82
M009229,4480.32
M009230,5869.07
M009231,6071.9
M009232,5202.97
M009233,488.58
M009234,747978.66
M009235,263.33
M009236,75995.78
M009237,851.18
M009238,12366.02
M009239,3818.35
M009240,21.51
M009241,2095.59
M009242,12134.66
M009243,81949.56
M009244,101708.79
M009245,1979.13
M009246,373136.74
M009247,278121.66
M009248,7119.57
M009249,82.73
M009250,41270.37
M009251,352.27
M009252,18018.54
M009253,70027.82
M009254,16266.68
M009255,440.19
M009256,328573.62
M009257,89.95
M009258,7731.22
M009259,140191.65
M009260,50456.98
M009261,117.14
M009262,280.85
M009263,10.58
M009264,2090.73
M009265,213.86
M009266,13813.16
M009267,6477.03
M009268,2179.15
M009269,5376.2
M009270,133173.44
M009271,3417.05
M009272,233.24
M009273,1533.05
M009274,4209.16
M009275,43.9
M009276,1898.02
M009277,912.38
M009278,4583.72
M009279,292.12
M009280,23706.03
M009281,3639.59
M009282,4463.98
M009283,67.54
M009284,7376.43
M009285,89.78
M009286,25619.43
M009287,2107.01
M009288,67844.98
M009289,915418.25
M009290,12616.42
M009291,4085.26
M009292,15230.57
M009293,139469.81
M009294,159960.93
M009295,1497.15
M009296,20731.89
M009297,23795.48
M009298,2997827.33
M009299,765923.13
M009300,11381.04
M009301,21918.21
M009302,10861.14
M009303,244.11
M009304,199.3
M009305,41832.45
M009306,1663.44
M009307,57307.64
M009308,221069.06
M009309,704.7
M009310,30316.77
M009311,3870.84
M009312,677.09
M009313,265734.83
M009314,12284.92
M009315,142.04
M009316,16683.12
M009317,359.41
M009318,82.71
M009319,178705.84
M009320,114792.23
M009321,2593.83
M009322,357.39
M009323,210885.51
M009324,568.73
M009325,695853.25
M009326,28008.16
M009327,25534.18
M009328,3805.41
M009329,22353.29
M009330,62551.9
M009331,16350.57
M009332,89462.42
M009333,7271.04
M009334,8604.46
M009335,1294.87
M009336,2700.79
M009337,293.31
M009338,22.29
M009339,250.53
M009340,3085.34
M009341,926.05
M009342,91.02
M009343,2989.77
M009344,350523.63
M009345,347.31
M009346,42945.85
M009347,3678.17
M009348,42815.77
M009349,90563.4
M009350,6859.13
M009351,8533.38
M009352,626.51
M009353,253.37
M009354,2779.13
M009355,11455.93
M009356,887.14
M009357,1342.41
M009358,44.65
M009359,10856.23
M009360,277.33
M009361,109798.07
M009362,8234.48
M009363,22305.45
M009364,1768.24
M009365,136.97
M009366,8421.62
M009367,2575.85
M009368,1743.15
M009369,91630.3
M009370,6136.94
M009371,30916.05
M009372,13023.15
M009373,3052.86
M009374,1334.99
M009375,809.66
M009376,744.15
M009377,2505.33
M009378,20766.83
M009379,75506.45
M009380,25517.03
M009381,12021.57
M009382,15176.48
M009383,11753.1
M009384,876.81
M009385,50168.3
M009386,269.86
M009387,6875.31
M009388,112.9
M009389,1670.78
M009390,790.95
M009391,45420.38
M009392,4493.86
M009393,365.07
M009394,78.58
M009395,386.31
M009396,498.3
M009397,7827.2
M009398,87211.84
M009399,877.78
M009400,3736.24
M009401,3022.11
M009402,4922.84
M009403,4289.23
M009404,22622.17
M009405,3861.49
M009406,495.65
M009407,93.3
M009408,2107.14
M009409,10705.74
M009410,3521.45
M009411,280.53
M009412,578.95
M009413,2729.91
M009414,41.45
M009415,2050.88
M009416,13873.07
M009417,8052.74
M009418,407.49
M009419,43077.02
M009420,45879.58
M009421,10584.79
M009422,2815.12
M009423,649.69
M009424,18013.8
M009425,32313.83
M009426,1336.14
M009427,8.15
M009428,20167.45
M009429,44180.6
M009430,199.4
M009431,42076.47
M009432,9245.97
M009433,125.88
M009434,8674.28
M009435,4121.38
M009436,12669.5
M009437,452.56
M009438,408.09
M009439,7263.21
M009440,679.68
M009441,500.98
M009442,560.2
M009443,13806.86
M009444,159.45
M009445,2262505.42
M009446,714.69
M009447,44306.06
M009448,358.6
M009449,3115.05
M009450,19924.65
M009451,1644.28
M009452,1761.49
M009453,2794.9
M009454,2111.26
M009455,1143668.13
M009456,2539.81
M009457,869.47
M009458,66543.52
M009459,514647.12
M009460,49580.26
M009461,271.56
M009462,14751.24
M009463,318.77
M009464,1094.83
M009465,1108.29
M009466,62.11
M009467,11398.4
M009468,9842.95
M009469,12033.89
M009470,66235.91
M009471,1245.81
M009472,110.09
M009473,1200.21
M009474,2444.67
M009475,51138.35
M009476,7375.25
M009477,1423.33
M009478,9784.26
M009479,10240.27
M009480,145.07
M009481,94.38
M009482,562.65
M009483,263.36
M009484,1974.61
M009485,176.53
M009486,278.26
M009487,47019.42
M009488,1881.18
M009489,1542.55
M009490,2053.82
M009491,20048.41
M009492,10497.05
M009493,648.19
M009494,240.33
M009495,1517.15
M009496,134330.1
M009497,102637.66
M009498,224.64
M009499,3117.3
M009500,902.37
M009501,9510.03
M009502,1074.81
M009503,307.91
M009504,10116.71
M009505,195159.94
M009506,15.4
M009507,128047.58
M009508,402.79
M009509,75.45
M009510,3789.71
M009511,465.45
M009512,371.82
M009513,292869.99
M009514,6000.2
M009515,3288.63
M009516,7340.47
M009517,32046.22
M009518,58592.86
M009519,874.09
M009520,10911.67
M009521,191.51
M009522,12924.19
M009523,2375.96
M009524,139530.49
M009525,43513.46
M009526,1242.8
M009527,1013.39
M009528,15088.67
M009529,33292.34
M009530,3250.47
M009531,322689.78
M009532,124.11
M009533,2336.95
M009534,45875.43
M009535,1090.45
M009536,16648.37
M009537,263.91
M009538,172746.1
M009539,23762.42
M009540,689.04
M009541,5084.69
M009542,3936.26
M009543,1195.57
M009544,8949.05
M009545,481.81
M009546,2596.83
M009547,754.13
M009548,154541.2
M009549,8614.4
M009550,2221.42
M009551,513103.95
M009552,2019.96
M009553,4508.12
M009554,1810.73
M009555,490.86
M009556,7242.79
M009557,535966.11
M009558,306.16
M009559,2.1
M009560,66588.84
M009561,27.6
M009562,209050.98
M009563,1775.13
M009564,2340593.12
M009565,38512.7
M009566,56408.57
M009567,246.8
M009568,2832177.52
M009569,4808.55
M009570,3396.78
M009571,1455.12
M009572,5851.2
M009573,110.11
M009574,4827.45
M009575,805.52
M009576,716.13
M009577,83.77
M009578,66646.23
M009579,955.8
M009580,295.71
M009581,48.52
M009582,87840.86
M009583,11043.22
M009584,3367.81
M009585,117.27
M009586,96.04
M009587,8248.36
M009588,28256.24
M009589,4022.91
M009590,2235.93
M009591,2468.65
M009592,6960.76
M009593,209.01
M009594,1138.73
M009595,3474.97
M009596,22449.29
M009597,317.89
M009598,154857.54
M009599,8765.36
M009600,2079.09
M009601,3223.26
M009602,241.19
M009603,8055.6
M009604,6896.35
M009605,9329.78
M009606,14176.1
M009607,5278.23
M009608,2558.72
M009609,7594.0
M009610,636.56
M009611,17174.17
M009612,210.04
M009613,254.86
M009614,3723.24
M009615,248.17
M009616,1321.51
M009617,29689.16
M009618,56595.24
M009619,1192.81
M009620,7047.35
M009621,13365.31
M009622,906.34
M009623,134675.7
M009624,2236.24
M009625,816.18
M009626,28412.52
M009627,23310.13
M009628,186.84
M009629,716.79
M009630,104.15
M009631,3607.56
M009632,2155.66
M009633,6737.79
M009634,1068.7
M009635,31551.37
M009636,39351.06
M009637,18560.22
M009638,2110.82
M009639,82937.95
M009640,45674.86
M009641,19235.47
M009642,337.56
M009643,73458.08
M009644,236.3
M009645,6803.79
M009646,4191.37
M009647,2534.31
M009648,113854.69
M009649,6744.13
M009650,4516.61
M009651,1481.53
M009652,307017.98
M009653,92.11
M009654,673909.2
M009655,937845.74
M009656,651.37
M009657,982.43
M009658,61519.85
M009659,1040.57
M009660,1534.75
M009661,6690.92
M009662,471.78
M009663,112914.61
M009664,408.64
M009665,1473.54
M009666,1608.85
M009667,2941.64
M009668,10335.54
M009669,1889.6
M009670,1831.59
M009671,2389.8
M009672,254.27
M009673,6327.13
M009674,2109.18
M009675,140198.33
M009676,3665.91
M009677,165540.95
M009678,44421.68
M009679,120.07
M009680,352647.05
M009681,15713.04
M009682,161.91
M009683,8088.13
M009684,449759.25
M009685,1470.43
M009686,2867.16
M009687,18003.08
M009688,67204.01
M009689,7554.54
M009690,103552.97
M009691,4817.98
M009692,2083.27
M009693,4856.05
M009694,2286.82
M009695,309.26
M009696,347.33
M009697,1553.12
M009698,185.03
M009699,43514.53
M009700,32851.08
M009701,314.33
M009702,7064.03
M009703,7637.0
M009704,4532.66
M009705,34124.15
M009706,8591.35
M009707,293.39
M009708,7402.82
M009709,1364.78
M009710,35006.45
M009711,71761.27
M009712,17090.53
M009713,8020.59
M009714,3990.15
M009715,7894.72
M009716,411058.66
M009717,2026.52
M009718,9040.77
M009719,4131.75
M009720,186.05
M009721,777.13
M009722,7580.36
M009723,10534.34
M009724,24457.41
M009725,6540.54
M009726,2596.54
M009727,97.2
M009728,859.0
M009729,1020.1
M009730,954.96
M009731,3419.2
M009732,51431.82
M009733,26661.09
M009734,29837.61
M009735,177876.75
M009736,160533.49
M009737,985.99
M009738,60884.72
M009739,6013.92
M009740,73.23
M009741,3121.04
M009742,2902.8
M009743,846.26
M009744,84365.55
M009745,31069.04
M009746,75326.24
M009747,63792.87
M009748,6268.58
M009749,103.96
M009750,3614.52
M009751,6076.4
M009752,526.44
M009753,6640.13
M009754,112730.43
M009755,214.85
M009756,55817.24
M009757,192.18
M009758,29752.24
M009759,265786.83
M009760,1371.03
M009761,626.5
M009762,2854.73
M009763,7013.74
M009764,6217.0
M009765,5236.82
M009766,448310.26
M009767,17538.58
M009768,15863.04
M009769,756.87
M009770,635.5
M009771,116385.39
M009772,38154.16
M009773,2731.12
M009774,3379.94
M009775,5007.09
M009776,3664.91
M009777,2345.44
M009778,22504.99
M009779,3159.77
M009780,169.03
M009781,15625.67
M009782,177.39
M009783,3380.53
M009784,37334.21
M009785,503.63
M009786,2157.52
M009787,11297.59
M009788,118575.61
M009789,4800.7
M009790,1231.39
M009791,87.09
M009792,2645.23
M009793,14449.09
M009794,286.6
M009795,426.12
M009796,241.01
M009797,53125.21
M009798,518.79
M009799,6718.71
M009800,643.25
M009801,3211.96
M009802,3343.66
M009803,1906.44
M009804,6648.95
M009805,12793.75
M009806,10306.43
M009807,2413.61
M009808,1259.66
M009809,3744.58
M009810,5890.79
M009811,15772.59
M009812,32340.46
M009813,433.05
M009814,6536.32
M009815,303.84
M009816,1011.81
M009817,1011.58
M009818,11268.11
M009819,3616.65
M009820,599.81
M009821,12098.84
M009822,4954.91
M009823,11046.1
M009824,7922.3
M009825,14527.02
M009826,9530.68
M009827,962.53
M009828,171303.46
M009829,1897.96
M009830,7003.0
M009831,6564.04
M009832,11874.83
M009833,283537.03
M009834,739860.21
M009835,151749.91
M009836,31196.38
M009837,1120.53
M009838,1494.75
M009839,30513.03
M009840,52637.86
M009841,87186.1
M009842,5257.54
M009843,502.23
M009844,4032.25
M009845,244.24
M009846,8093.4
M009847,250.36
M009848,6179.16
M009849,2667.95
M009850,6367.11
M009851,897.33
M009852,10447.87
M009853,288.94
M009854,86897.51
M009855,2866.95
M009856,1885.66
M009857,3080.35
M009858,298.64
M009859,4278.79
M009860,1880.8
M009861,115.67
M009862,13592.89
M009863,5598.89
M009864,127507.05
M009865,10343.89
M009866,140910.32
M009867,238.78
M009868,4318.96
M009869,20050.24
M009870,4572.26
M009871,61391.27
M009872,11158.09
M009873,10153.86
M009874,39522.98
M009875,44938.91
M009876,175548.93
M009877,16513.17
M009878,6311.96
M009879,1479.76
M009880,5449.02
M009881,3661.93
M009882,93198.55
M009883,117.15
M009884,44756.94
M009885,991.08
M009886,14862.56
M009887,8648.07
M009888,18563.08
M009889,1195.81
M009890,2885.71
M009891,9881.15
M009892,12663.68
M009893,3696.77
M009894,1587.4
M009895,1234.49
M009896,15055.21
M009897,809.39
M009898,2222.45
M009899,196.96
M009900,155.75
M009901,24915.49
M009902,103.73
M009903,8524.02
M009904,29954.98
M009905,6776.71
M009906,203580.71
M009907,1538.44
M009908,310.85
M009909,587.42
M009910,87674.4
M009911,82.21
M009912,1965.21
M009913,31566.26
M009914,1784.74
M009915,8246.15
M009916,78.48
M009917,111.71
M009918,3568.27
M009919,3017.31
M009920,37203.29
M009921,421.29
M009922,311.53
M009923,6588.5
M009924,1555.93
M009925,4828.55
M009926,829.09
M009927,3859.05
M009928,237365.7
M009929,8288.42
M009930,41970.28
M009931,748.16
M009932,2221.81
M009933,57204.21
M009934,7109.71
M009935,16900.95
M009936,327.8
M009937,1902.33
M009938,39844.5
M009939,30471.36
M009940,27259.53
M009941,14397.79
M009942,742.14
M009943,12389.06
M009944,34444.67
M009945,175.8
M009946,60.62
M009947,6053.18
M009948,2883.94
M009949,6192.88
M009950,8229.97
M009951,3204.17
M009952,297.64
M009953,6177.86
M009954,10971.61
M009955,365.05
M009956,1906.04
M009957,323221.16
M009958,515.76
M009959,1625165.87
M009960,878.04
M009961,1868.15
M009962,2387.74
M009963,536.88
M009964,581.6
M009965,2377.61
M009966,6873.86
M009967,1432.79
M009968,903.7
M009969,9754.25
M009970,1285.14
M009971,692.32
M009972,7501.92
M009973,994.3
M009974,1172.8
M009975,51812.3
M009976,5673.65
M009977,559.35
M009978,5947.37
M009979,9594.95
M009980,90.19
M009981,188502.98
M009982,1442.48
M009983,295550.98
M009984,3284.0
M009985,63227.87
M009986,239.83
M009987,100078.29
M009988,3796.1
M009989,253.35
M009990,528.39
M009991,357.33
M009992,646.83
M009993,36508.13
M009994,4462.24
M009995,641.51
M009996,3294.46
M009997,96.92
M009998,202.16
M009999,7777.18
M010000,2370.5
M010001,67921.76
M010002,331625.44
M010003,792.65
M010004,27622.21
M010005,6819.09
M010006,778.05
M010007,97.69
M010008,12963.73
M010009,104.7
M010010,77573.77
M010011,38588.29
M010012,334129.83
M010013,932009.53
M010014,6992.93
M010015,16304.16
M010016,4699.09
M010017,664.74
M010018,2465.31
M010019,9009.59
M010020,228.82
M010021,45634.8
M010022,130.04
M010023,2045.53
M010024,513.15
M010025,741.66
M010026,6559.18
M010027,1012.97
M010028,9116.59
M010029,1454.23
M010030,65968.47
M010031,9856.91
M010032,753.96
M010033,1457.56
M010034,262860.73
M010035,8737.89
M010036,1529.04
M010037,12643.27
M010038,209282.82
M010039,387392.94
M010040,2187.73
M010041,130.96
M010042,411.05
M010043,7623.27
M010044,2451.36
M010045,1693.74
M010046,182.54
M010047,101687.6
M010048,2232.52
M010049,318526.12
M010050,6171.98
M010051,732.67
M010052,4537.61
M010053,18.86
M010054,7697.67
M010055,44.87
M010056,1156.08
M010057,38336.41
M010058,710.08
M010059,1689.22
M010060,3038.75
M010061,34873.04
M010062,1321.57
M010063,23036.3
M010064,1296.95
M010065,301555.45
M010066,10820.03
M010067,107935.5
M010068,433587.69
M010069,2786.89
M010070,1282.6
M010071,16921.31
M010072,294.36
M010073,5775.94
M010074,374.54
M010075,30470.57
M010076,34705.92
M010077,6907.31
M010078,26220.78
M010079,4565.29
M010080,87.89
M010081,558351.01
M010082,40739.33
M010083,269.1
M010084,12714.97
M010085,125.86
M010086,13596.77
M010087,1098.51
M010088,4639.95
M010089,1708.8
M010090,38613.89
M010091,88428.42
M010092,1890.43
M010093,807.49
M010094,258.67
M010095,165563.76
M010096,66976.78
M010097,221565.67
M010098,68128.61
M010099,4439.7
M010100,9335.73
M010101,34053.2
M010102,4534.31
M010103,304107.56
M010104,3424.26
M010105,27334.69
M010106,138.67
M010107,8666.24
M010108,116143.32
M010109,67858.61
M010110,99672.37
M010111,659.28
M010112,300.31
M010113,46407.85
M010114,49.09
M010115,1121.29
M010116,5907.31
M010117,147983.69
M010118,32700.57
M010119,930.16
M010120,3725.74
M010121,547.42
M010122,252534.22
M010123,87.32
M010124,115841.12
M010125,40866.34
M010126,2810.64
M010127,690.9
M010128,874.8
M010129,3848.12
M010130,18006.85
M010131,893.36
M010132,332.7
M010133,1205.16
M010134,737.92
M010135,138.81
M010136,459341.71
M010137,4543.7
M010138,1377.52
M010139,12149.72
M010140,21.98
M010141,624.93
M010142,2205.5
M010143,3058.59
M010144,9541.85
M010145,14038.58
M010146,1850.49
M010147,43803.42
M010148,178.89
M010149,757428.53
M010150,57017.55
M010151,72088.91
M010152,177.43
M010153,1147.66
M010154,100795.41
M010155,2751.03
M010156,5052.51
M010157,3533.2
M010158,230417.62
M010159,194.37
M010160,4861.22
M010161,3615.61
M010162,6605.92
M010163,1300.43
M010164,22541.75
M010165,26808.75
M010166,2657.19
M010167,786.02
M010168,1290.53
M010169,31783.98
M010170,23775.51
M010171,2365.63
M010172,32522.98
M010173,1350.78
M010174,3910.12
M010175,3405.13
M010176,29294.28
M010177,1560.58
M010178,1567.64
M010179,3471.76
M010180,323.64
M010181,2401.68
M010182,31155.47
M010183,43910.42
M010184,18648.64
M010185,45690.89
M010186,224.9
M010187,1139.13
M010188,107.09
M010189,12337.4
M010190,8779.45
M010191,50948.27
M010192,19193.67
M010193,1866.83
M010194,246208.5
M010195,3904.05
M010196,7350.58
M010197,22296.55
M010198,8863.42
M010199,12346.8
M010200,7539.23
M010201,7922.65
M010202,2321.95
M010203,515.76
M010204,6515.02
M010205,516.98
M010206,40813.21
M010207,344.26
M010208,1374049.24
M010209,1835.16
M010210,2049.87
M010211,4727.17
M010212,382.87
M010213,43869.12
M010214,91931.41
M010215,15209.05
M010216,4015.56
M010217,13876.61
M010218,15225.49
M010219,40108.58
M010220,627.68
M010221,67249.77
M010222,1040.19
M010223,214.01
M010224,26284.25
M010225,21943.32
M010226,6932.97
M010227,2235.18
M010228,118.69
M010229,891.86
M010230,57765.18
M010231,24123.52
M010232,3461.99
M010233,555.99
M010234,10652.79
M010235,3259.85
M010236,7375.29
M010237,102380.2
M010238,1781.25
M010239,696.84
M010240,22981.85
M010241,89.16
M010242,5166.02
M010243,1073.37
M010244,7747.23
M010245,128969.71
M010246,25807.64
M010247,7137.94
M010248,295626.49
M010249,121784.28
M010250,2172.8
M010251,25997.52
M010252,28881.27
M010253,1.45
M010254,189.12
M010255,724.43
M010256,13774.28
M010257,65.09
M010258,18377.88
M010259,19656.57
M010260,888.31
M010261,19879.26
M010262,13262.22
M010263,232.34
M010264,203.66
M010265,74281.25
M010266,637.26
M010267,69810.59
M010268,733.14
M010269,16101.24
M010270,21782.07
M010271,175805.8
M010272,9568.69
M010273,213.23
M010274,20.4
M010275,907.65
M010276,1648.62
M010277,441.37
M010278,8039.26
M010279,1720.71
M010280,10954.34
M010281,212.3
M010282,708.68
M010283,2595.88
M010284,321.6
M010285,4588.71
M010286,11986.28
M010287,97098.38
M010288,1839.16
M010289,71968.4
M010290,12036.7
M010291,280.57
M010292,37.95
M010293,20415.62
M010294,468.5
M010295,1804.11
M010296,53323.14
M010297,2262.27
M010298,13928.84
M010299,200803.4
M010300,1116.75
M010301,94648.27
M010302,1649.57
M010303,3648.63
M010304,33.26
M010305,319115.94
M010306,4482.95
M010307,683.36
M010308,790.88
M010309,431.9
M010310,17451.08
M010311,33059.13
M010312,398.37
M010313,2091.09
M010314,9808.28
M010315,30645.24
M010316,562964.87
M010317,6431.04
M010318,2765.73
M010319,9451.15
M010320,5152.96
M010321,9971.23
M010322,17827.28
M010323,588.83
M010324,3973.29
M010325,946.13
M010326,23195.54
M010327,289.5
M010328,189.89
M010329,2195.52
M010330,1920.14
M010331,1966.6
M010332,166.16
M010333,2367.15
M010334,279.71
M010335,239327.86
M010336,3108.45
M010337,2203.61
M010338,20822.4
M010339,583.65
M010340,34.24
M010341,54121.54
M010342,42918.7
M010343,1670.53
M010344,94.76
M010345,15.61
M010346,124.67
M010347,55586.28
M010348,42619.6
M010349,7150.84
M010350,38368.38
M010351,118.69
M010352,10657.05
M010353,7660.33
M010354,1541.94
M010355,31.18
M010356,1148.58
M010357,6945.32
M010358,4708.18
M010359,820.07
M010360,852144.94
M010361,16423.42
M010362,403.81
M010363,732.27
M010364,100623.0
M010365,367.43
M010366,1792.09
M010367,42544.63
M010368,1921.62
M010369,10097.31
M010370,170335.86
M010371,49514.95
M010372,533.39
M010373,9920.12
M010374,13.36
M010375,58815.03
M010376,3072.1
M010377,411.7
M010378,8936.15
M010379,139.08
M010380,8765.65
M010381,3927.47
M010382,1527.15
M010383,27128.41
M010384,1829.05
M010385,427.21
M010386,19540.4
M010387,16342.08
M010388,339300.83
M010389,3280.41
M010390,886.62
M010391,1286.13
M010392,2578.45
M010393,306.18
M010394,843.28
M010395,88630.37
M010396,231.2
M010397,820314.4
M010398,219334.52
M010399,1250.07
M010400,9.37
M010401,1191.93
M010402,2512.24
M010403,8067.39
M010404,5601.22
M010405,66673.24
M010406,25451.93
M010407,1160.2
M010408,528.4
M010409,77229.61
M010410,378.29
M010411,16368.36
M010412,8.55
M010413,582.13
M010414,7398.07
M010415,661.74
M010416,12236.23
M010417,42.39
M010418,57.33
M010419,423.88
M010420,4423.43
M010421,10742.37
M010422,736.81
M010423,6372.77
M010424,40372.48
M010425,5132.07
M010426,7061.62
M010427,134.02
M010428,191238.27
M010429,2633171.44
M010430,878.5
M010431,1546.55
M010432,1098.64
M010433,42457.7
M010434,2220.62
M010435,143140.77
M010436,20959.43
M010437,10278.91
M010438,60286.1
M010439,373530.85
M010440,3725.21
M010441,4661.47
M010442,21284.82
M010443,2850.24
M010444,803.16
M010445,127175.91
M010446,22.98
M010447,19.87
M010448,4007.83
M010449,128418.96
M010450,2733.87
M010451,2362.45
M010452,158.17
M010453,15374.46
M010454,1795.97
M010455,86857.2
M010456,47.85
M010457,62.73
M010458,2358.83
M010459,24732.53
M010460,1693.54
M010461,395.14
M010462,5886.95
M010463,37781.05
M010464,1275.31
M010465,191184.4
M010466,1421.45
M010467,261.91
M010468,343.11
M010469,6383.83
M010470,16.05
M010471,52534.06
M010472,8046.27
M010473,3254.95
M010474,19837.98
M010475,127214.72
M010476,20.5
M010477,76008.01
M010478,470.01
M010479,4166.46
M010480,844.8
M010481,4078.17
M010482,637.88
M010483,248.88
M010484,81.79
M010485,498.02
M010486,23.23
M010487,530.97
M010488,7561.31
M010489,2197.6
M010490,404.0
M010491,616.49
M010492,16077.25
M010493,112.95
M010494,8967.99
M010495,14636.49
M010496,94.23
M010497,27.0
M010498,280.03
M010499,28349.21
M010500,24516.25
M010501,37196.33
M010502,245462.69
M010503,94.03
M010504,7004.43
M010505,36557.66
M010506,4178.69
M010507,12746.22
M010508,477.69
M010509,14797.37
M010510,50819.06
M010511,94.35
M010512,9837.42
M010513,2178.05
M010514,1920.91
M010515,2984.81
M010516,1727.03
M010517,387548.48
M010518,1952.78
M010519,661.82
M010520,49443.52
M010521,1109.3
M010522,37324.61
M010523,569022.88
M010524,530.78
M010525,3891.41
M010526,129657.9
M010527,1302.47
M010528,1360.53
M010529,865.3
M010530,101.86
M010531,18086.4
M010532,334.52
M010533,103.15
M010534,7583.13
M010535,51013.15
M010536,1115.98
M010537,2801.12
M010538,982.94
M010539,4880.19
M010540,1527.43
M010541,28864.27
M010542,235438.28
M010543,3829.02
M010544,5692.75
M010545,513825.97
M010546,89526.87
M010547,54482.76
M010548,15762.42
M010549,9511.27
M010550,34319.17
M010551,10947.3
M010552,5699.6
M010553,579.84
M010554,14431.05
M010555,1713.56
M010556,100.65
M010557,15350.17
M010558,3448.54
M010559,91577.11
M010560,139.38
M010561,9220.84
M010562,1133.43
M010563,173507.59
M010564,121854.57
M010565,3258.03
M010566,9001.69
M010567,10681.4
M010568,24331.39
M010569,68313.6
M010570,3511.72
M010571,84.78
M010572,23831.39
M010573,94898.89
M010574,676.67
M010575,2054.14
M010576,901986.75
M010577,554.26
M010578,11539.83
M010579,33239.58
M010580,266.94
M010581,206.43
M010582,15895.53
M010583,36279.39
M010584,832.65
M010585,410373.84
M010586,13478.63
M010587,1411.49
M010588,4039.98
M010589,5628.68
M010590,4054.46
M010591,514.08
M010592,3456.68
M010593,8808.89
M010594,1944.26
M010595,5481.12
M010596,218.56
M010597,62173.68
M010598,4501.11
M010599,8407.45
M010600,2997.28
M010601,175763.47
M010602,15555.36
M010603,2875.07
M010604,5095.8
M010605,8.15
M010606,4736.31
M010607,6611.52
M010608,2071.51
M010609,5026.93
M010610,454.57
M010611,11235.11
M010612,4762.53
M010613,4925.61
M010614,51188.16
M010615,365.88
M010616,2641.78
M010617,4247.92
M010618,14726.56
M010619,9533.69
M010620,32675.71
M010621,48983.67
M010622,4232.68
M010623,714.03
M010624,257729.89
M010625,10453.44
M010626,1941.02
M010627,185.77
M010628,187.87
M010629,104940.41
M010630,2477.61
M010631,5740.69
M010632,15530.94
M010633,10672.96
M010634,1083.39
M010635,1144.96
M010636,734.56
M010637,12266.31
M010638,32834.48
M010639,1694.1
M010640,45197.98
M010641,1606051.41
M010642,512.23
M010643,1954.26
M010644,1144.99
M010645,24834.75
M010646,928.51
M010647,8839.11
M010648,197.24
M010649,31119.3
M010650,20574.54
M010651,2224.85
M010652,28527.07
M010653,960.37
M010654,6615.77
M010655,1404.54
M010656,38265.56
M010657,3705.56
M010658,35096.82
M010659,2.96
M010660,72.49
M010661,3865.27
M010662,368.18
M010663,1203.04
M010664,20858.99
M010665,4053.81
M010666,5877.8
M010667,1195.53
M010668,4859.27
M010669,13360.58
M010670,98301.9
M010671,7847.03
M010672,1926.23
M010673,5313.86
M010674,4800.39
M010675,36484.41
M010676,4771.13
M010677,94319.01
M010678,9688.42
M010679,105484.03
M010680,127.33
M010681,567.25
M010682,15386.41
M010683,4619.97
M010684,5671.13
M010685,3104.74
M010686,1833.8
M010687,19921.83
M010688,5709.76
M010689,20.03
M010690,1005.13
M010691,588.21
M010692,1574.05
M010693,8825.43
M010694,214300.56
M010695,1692.78
M010696,1990.47
M010697,6242.65
M010698,2368.73
M010699,2335.99
M010700,10087.18
M010701,303.45
M010702,3214.15
M010703,41.18
M010704,132096.64
M010705,11596.87
M010706,118229.41
M010707,1751.28
M010708,582.55
M010709,4412.49
M010710,1120.23
M010711,6605.04
M010712,5140.77
M010713,11672.38
M010714,300698.86
M010715,1414.07
M010716,110814.2
M010717,178.31
M010718,101082.0
M010719,31502.8
M010720,10473.76
M010721,51051.87
M010722,765.24
M010723,648.98
M010724,1636.45
M010725,28592.33
M010726,5919.25
M010727,45011.72
M010728,20895.32
M010729,260.84
M010730,885.81
M010731,1968.8
M010732,6383.93
M010733,54435.31
M010734,2728.3
M010735,1162.36
M010736,66.61
M010737,37.77
M010738,19040.68
M010739,10064.2
M010740,2076.8
M010741,904589.7
M010742,7037.63
M010743,2342.77
M010744,8713.73
M010745,629.41
M010746,16381.54
M010747,6932.96
M010748,108298.68
M010749,6316.93
M010750,956.92
M010751,22242.62
M010752,35748.73
M010753,25728.42
M010754,1002.67
M010755,6158.57
M010756,954.6
M010757,26072.54
M010758,577.48
M010759,19825.65
M010760,653.38
M010761,5013.07
M010762,692.16
M010763,23598.1
M010764,2193.64
M010765,14009.26
M010766,101315.62
M010767,72780.31
M010768,37431.14
M010769,6951.71
M010770,35.75
M010771,135054.02
M010772,4055.86
M010773,24439.83
M010774,16416.95
M010775,151.75
M010776,10903.06
M010777,90.15
M010778,7671.6
M010779,253.61
M010780,20548.88
M010781,20545.82
M010782,6900.6
M010783,8867.17
M010784,91157.58
M010785,566639.83
M010786,2898.33
M010787,20502.21
M010788,2603.6
M010789,24199.49
M010790,7958.83
M010791,23106.45
M010792,55223.35
M010793,5504.57
M010794,11611.64
M010795,495.97
M010796,8639.58
M010797,588.51
M010798,2011.44
M010799,41823.53
M010800,267645.91
M010801,35650.65
M010802,8553.19
M010803,646.45
M010804,33478.43
M010805,798.19
M010806,164.34
M010807,170.28
M010808,13865.29
M010809,1385.37
M010810,17891.68
M010811,1822.77
M010812,21.69
M010813,728.7
M010814,72.94
M010815,63504.94
M010816,100662.66
M010817,37091.86
M010818,1001.66
M010819,2783.56
M010820,26651.54
M010821,423.29
M010822,333.48
M010823,30671.57
M010824,20543.9
M010825,26355.77
M010826,4244.27
M010827,748.4
M010828,46164.16
M010829,370.81
M010830,15354.32
M010831,6085.81
M010832,683874.43
M010833,737.13
M010834,53162.26
M010835,671.75
M010836,3483.89
M010837,25093.88
M010838,224877.45
M010839,10441.53
M010840,3361.29
M010841,4509.37
M010842,32343.72
M010843,76.26
M010844,7194.69
M010845,10931.51
M010846,7416.35
M010847,4366.32
M010848,538688.6
M010849,1562.0
M010850,4136.46
M010851,13626.17
M010852,1142.74
M010853,215.77
M010854,1768.41
M010855,420728.64
M010856,355158.69
M010857,3071.81
M010858,107318.22
M010859,2712.85
M010860,284.13
M010861,392.25
M010862,1723.5
M010863,2171.33
M010864,16855.07
M010865,51.11
M010866,168673.18
M010867,2188.52
M010868,5867.52
M010869,9757.18
M010870,3622.71
M010871,227.1
M010872,7722.36
M010873,348.03
M010874,12368.8
M010875,4906.03
M010876,2633.54
M010877,12395.05
M010878,1909.61
M010879,9908.32
M010880,6788.89
M010881,16855.43
M010882,1878.79
M010883,392.22
M010884,238.32
M010885,28135.08
M010886,701.9
M010887,67636.75
M010888,515.83
M010889,211.88
M010890,5258.19
M010891,42456.86
M010892,136.51
M010893,71607.52
M010894,2148.4
M010895,251643.6
M010896,2997.11
M010897,91587.8
M010898,115483.25
M010899,29009.02
M010900,154997.47
M010901,95233.11
M010902,68467.28
M010903,16637.97
M010904,37.92
M010905,5968.87
M010906,555.51
M010907,2382.71
M010908,122613.21
M010909,915.95
M010910,719.86
M010911,2523.04
M010912,418.57
M010913,230.87
M010914,7454.88
M010915,31326.36
M010916,14834.59
M010917,765.38
M010918,970.05
M010919,390.8
M010920,61207.15
M010921,247.04
M010922,1600.39
M010923,25.57
M010924,36618.36
M010925,18697.91
M010926,13095.65
M010927,1521.22
M010928,41768.11
M010929,2567.89
M010930,211.78
M010931,2163.83
M010932,30.9
M010933,1288.9
M010934,22550.67
M010935,382468.17
M010936,34.54
M010937,1121.31
M010938,2538.83
M010939,39193.71
M010940,26102.51
M010941,2322.93
M010942,169.02
M010943,22917.19
M010944,9933.7
M010945,157.65
M010946,113.12
M010947,1121.38
M010948,58888.57
M010949,11.43
M010950,367.88
M010951,17671.25
M010952,450.84
M010953,1154.9
M010954,41191.14
M010955,273.07
M010956,36944.11
M010957,4259.92
M010958,4603.48
M010959,9778.93
M010960,576.47
M010961,35775.05
M010962,74255.08
M010963,1522.67
M010964,23200.22
M010965,1270.59
M010966,3206.28
M010967,37.16
M010968,5431.73
M010969,37837.06
M010970,6877.56
M010971,10417.91
M010972,7655.24
M010973,227.71
M010974,210.63
M010975,149920.44
M010976,16384.67
M010977,237447.1
M010978,2484.47
M010979,17096.18
M010980,1064.95
M010981,45.25
M010982,34.14
M010983,11467.17
M010984,410.76
M010985,4147.76
M010986,6444.66
M010987,1950.68
M010988,1154.23
M010989,2173.04
M010990,11070.97
M010991,63.25
M010992,11042.34
M010993,670399.4
M010994,3334.22
M010995,143.64
M010996,346.91
M010997,5200.56
M010998,7346.4
M010999,3596.02
M011000,119.6
M011001,5218.56
M011002,23932.85
M011003,1866.07
M011004,15957.98
M011005,187.98
M011006,16984.78
M011007,60.11
M011008,1686615.53
M011009,1505.83
M011010,83861.27
M011011,28378.41
M011012,5966.98
M011013,566292.46
M011014,1908.71
M011015,904.12
M011016,6008.82
M011017,383.41
M011018,4477.88
M011019,402.4
M011020,2536.97
M011021,6282.17
M011022,4922.05
M011023,1572.98
M011024,10585.07
M011025,50322.38
M011026,22569.22
M011027,6212.07
M011028,8079.58
M011029,920.91
M011030,19436.66
M011031,104452.93
M011032,151.56
M011033,43746.88
M011034,222.07
M011035,3255.75
M011036,20440.21
M011037,433.17
M011038,4246.46
M011039,1298.23
M011040,10478.0
M011041,1804.26
M011042,9758.13
M011043,29.15
M011044,1533.33
M011045,369380.06
M011046,1556.5
M011047,1318.8
M011048,2811.62
M011049,2461.74
M011050,3084.05
M011051,153.61
M011052,62105.42
M011053,13439.5
M011054,70230.97
M011055,1639.66
M011056,658.93
M011057,1824.22
M011058,85883.48
M011059,1541.96
M011060,12959.45
M011061,29492.7
M011062,11531.53
M011063,2104.98
M011064,411456.12
M011065,1396.48
M011066,1747.22
M011067,32876.61
M011068,1851.35
M011069,35289.23
M011070,5369.33
M011071,52.09
M011072,11963.22
M011073,15826.15
M011074,255.04
M011075,3534.02
M011076,66785.38
M011077,78937.86
M011078,28623.5
M011079,268.77
M011080,17194.66
M011081,3932.82
M011082,13114.65
M011083,1081.77
M011084,528.6
M011085,4381.79
M011086,76223.63
M011087,3719.43
M011088,4762.69
M011089,4914.18
M011090,4017.45
M011091,10424.85
M011092,32657.12
M011093,3832.62
M011094,50.92
M011095,1527.21
M011096,16602.3
M011097,536.47
M011098,258.2
M011099,15486.32
M011100,4671.51
M011101,16250.02
M011102,16279.01
M011103,54390.34
M011104,186324.07
M011105,3363.94
M011106,14717.85
M011107,836.27
M011108,10165.84
M011109,611.77
M011110,863.46
M011111,9023.15
M011112,892.96
M011113,33790.82
M011114,3677.78
M011115,8429.08
M011116,23346.82
M011117,630.63
M011118,14316.97
M011119,11357.09
M011120,2909.27
M011121,264.72
M011122,20762.89
M011123,935.5
M011124,17485.24
M011125,814.48
M011126,107.81
M011127,1829.47
M011128,22747.71
M011129,98.15
M011130,2229.56
M011131,165795.54
M011132,30229.86
M011133,148.7
M011134,2434.95
M011135,3447.72
M011136,651.75
M011137,187582.75
M011138,64656.1
M011139,65307.28
M011140,328.85
M011141,23515.15
M011142,2903.67
M011143,1019.2
M011144,132669.44
M011145,1116.1
M011146,3324.31
M011147,23.2
M011148,4669.39
M011149,683.88
M011150,6771.43
M011151,17441.27
M011152,188961.47
M011153,459.23
M011154,154.34
M011155,11037.42
M011156,2271.36
M011157,9661.32
M011158,13059.44
M011159,11767.92
M011160,11852.51
M011161,675.5
M011162,3154.21
M011163,1017.81
M011164,1282.44
M011165,3139.72
M011166,2340.63
M011167,13789.66
M011168,5062.12
M011169,1003.83
M011170,31718.92
M011171,340.41
M011172,8265.82
M011173,96.66
M011174,8780.9
M011175,1282.62
M011176,3154.53
M011177,30950.94
M011178,1986.85
M011179,7382.75
M011180,339.35
M011181,67523.06
M011182,122494.94
M011183,2166414.42
M011184,20117.84
M011185,3394.05
M011186,35690.54
M011187,185500.25
M011188,139439.92
M011189,6646.5
M011190,134.64
M011191,1126722.78
M011192,2718.99
M011193,5590.8
M011194,4120.77
M011195,766.4
M011196,62.15
M011197,5928.18
M011198,28437.41
M011199,3638.51
M011200,3117.15
M011201,1772.53
M011202,1036.83
M011203,1504.46
M011204,8554.65
M011205,2087.26
M011206,1471.0
M011207,28429.14
M011208,9521.34
M011209,184.41
M011210,123084.4
M011211,74.99
M011212,79629.96
M011213,17.6
M011214,254.32
M011215,14688.69
M011216,6499.82
M011217,2480.93
M011218,4341.71
M011219,30395.43
M011220,4379.44
M011221,178.98
M011222,69604.65
M011223,307.11
M011224,155418.28
M011225,2306.56
M011226,85179.27
M011227,17298.01
M011228,358.17
M011229,1866.66
M011230,124377.61
M011231,5291.27
M011232,3372.25
M011233,79597.36
M011234,48846.3
M011235,2288.18
M011236,156.42
M011237,61.31
M011238,61.76
M011239,1063.08
M011240,1489.93
M011241,1590.15
M011242,2168320.12
M011243,88735.62
M011244,517.21
M011245,1010.68
M011246,706.53
M011247,1700403.3
M011248,6827.2
M011249,441.78
M011250,36040.99
M011251,47855.98
M011252,7766.08
M011253,15461.7
M011254,3452.28
M011255,744.85
M011256,87773.18
M011257,1092.67
M011258,14336.23
M011259,2717.61
M011260,528.76
M011261,5876.93
M011262,2041.09
M011263,7800.32
M011264,966.94
M011265,10648.12
M011266,83697.25
M011267,1870.32
M011268,396.34
M011269,32945.96
M011270,1583.7
M011271,28988.35
M011272,2626.42
M011273,4778.04
M011274,34009.46
M011275,30639.24
M011276,6265.3
M011277,30693.33
M011278,40292.22
M011279,2418413.99
M011280,227.06
M011281,1560.95
M011282,9793.32
M011283,121344.86
M011284,1046.06
M011285,2177.83
M011286,37388.15
M011287,61.6
M011288,925.36
M011289,469.36
M011290,4802.55
M011291,8566.32
M011292,57749.52
M011293,2494.3
M011294,4061.42
M011295,16055.87
M011296,11542.19
M011297,122.23
M011298,1189.09
M011299,4137.92
M011300,6968.8
M011301,288.18
M011302,550.77
M011303,17204.07
M011304,982.53
M011305,1215.43
M011306,869.84
M011307,1829.43
M011308,5025.96
M011309,9674.21
M011310,151.0
M011311,1331.91
M011312,212.06
M011313,1984.83
M011314,20139.57
M011315,106.71
M011316,118454.1
M011317,91.29
M011318,915.7
M011319,184924.33
M011320,260.35
M011321,391.56
M011322,16852.62
M011323,44269.99
M011324,8441.59
M011325,1273.81
M011326,9537.32
M011327,3652.3
M011328,1935.59
M011329,97.14
M011330,9656.95
M011331,1214.37
M011332,239957.94
M011333,10514.13
M011334,540.59
M011335,100.44
M011336,25228.98
M011337,4640.41
M011338,181.16
M011339,19943.41
M011340,99731.67
M011341,2517.52
M011342,10256.66
M011343,654.25
M011344,1049.71
M011345,74528.02
M011346,62273.98
M011347,115.36
M011348,36.02
M011349,1296.18
M011350,7808.66
M011351,171.23
M011352,7918.95
M011353,582617.18
M011354,23271.05
M011355,68393.96
M011356,2600.41
M011357,11493.94
M011358,99248.21
M011359,833.81
M011360,237.28
M011361,1015.61
M011362,264.44
M011363,4128.99
M011364,1744.61
M011365,133017.39
M011366,797.55
M011367,83605.06
M011368,37607.3
M011369,484.52
M011370,69228.09
M011371,21656.72
M011372,8559.93
M011373,7201.59
M011374,4100.99
M011375,41619.37
M011376,2087.2
M011377,10588.24
M011378,36094.55
M011379,4545.69
M011380,20157.22
M011381,1004.33
M011382,4028.41
M011383,4326.97
M011384,28202.29
M011385,33416.98
M011386,2649.16
M011387,6826.55
M011388,36853.89
M011389,1631.86
M011390,893835.86
M011391,161552.56
M011392,4891.53
M011393,4137.9
M011394,14839.75
M011395,1436.67
M011396,2381.59
M011397,5986.83
M011398,1645.57
M011399,2015.42
M011400,902.29
M011401,54671.73
M011402,23745.91
M011403,13.24
M011404,5852.11
M011405,20220.19
M011406,48757.73
M011407,1403.11
M011408,9667.21
M011409,7924.97
M011410,308.17
M011411,4219.08
M011412,319.4
M011413,4037.26
M011414,19538.59
M011415,5078.99
M011416,11312.83
M011417,352703.04
M011418,521.15
M011419,4451.25
M011420,52441.71
M011421,1202.2
M011422,228454.35
M011423,191056.95
M011424,60819.01
M011425,56735.34
M011426,3058.65
M011427,20029.4
M011428,24439.98
M011429,25331.15
M011430,106869.5
M011431,91759.3
M011432,19944.65
M011433,3937.34
M011434,2776.48
M011435,559.66
M011436,798.32
M011437,63210.3
M011438,3278.42
M011439,9964.44
M011440,5436.43
M011441,1434.29
M011442,125162.77
M011443,28086.2
M011444,974.37
M011445,919.99
M011446,3899.81
M011447,192.51
M011448,1664.48
M011449,609.52
M011450,15334.16
M011451,58531.37
M011452,919.09
M011453,59.57
M011454,1672.19
M011455,8849.97
M011456,14099.13
M011457,8299.4
M011458,876.46
M011459,12958.38
M011460,85.07
M011461,2272.77
M011462,1700.65
M011463,4895.97
M011464,2123.42
M011465,731.64
M011466,2.95
M011467,434.84
M011468,11854.88
M011469,7005.03
M011470,57143.51
M011471,410.73
M011472,1390.13
M011473,536.37
M011474,77.0
M011475,1716.86
M011476,4119.14
M011477,954.86
M011478,1424957.52
M011479,229.27
M011480,2020.46
M011481,76270.03
M011482,4793.97
M011483,6.24
M011484,31218.28
M011485,4455.82
M011486,7046.18
M011487,175620.36
M011488,4212.97
M011489,8761.31
M011490,56502.93
M011491,6693265.55
M011492,145.27
M011493,9320.91
M011494,3093.98
M011495,5664.54
M011496,19677.92
M011497,1896.34
M011498,4347.37
M011499,833.08
M011500,23838.26
M011501,43896.43
M011502,10753.01
M011503,1421.44
M011504,5384.07
M011505,13033.77
M011506,3478122.81
M011507,6084.54
M011508,4436.26
M011509,2787.22
M011510,2411.55
M011511,9427.19
M011512,1028477.88
M011513,45910.14
M011514,264.34
M011515,462.54
M011516,501.54
M011517,1861.87
M011518,3418.31
M011519,7505.07
M011520,1011.35
M011521,674.22
M011522,1141.09
M011523,252.01
M011524,485.04
M011525,87785.99
M011526,26598.99
M011527,12544.58
M011528,78.81
M011529,1683.31
M011530,2800.43
M011531,311463.12
M011532,231.37
M011533,10438.95
M011534,1110.91
M011535,25413.57
M011536,1058.5
M011537,2803.16
M011538,2250.95
M011539,3239.18
M011540,20122.16
M011541,1174.34
M011542,3633.76
M011543,4428.89
M011544,2091.57
M011545,9960.09
M011546,531.83
M011547,85230.6
M011548,8887.57
M011549,19842.28
M011550,5777.05
M011551,22602.21
M011552,123.81
M011553,24.93
M011554,7924.38
M011555,833.31
M011556,36348.73
M011557,189.78
M011558,15029.52
M011559,6574.43
M011560,177482.39
M011561,14662.91
M011562,103.84
M011563,694.28
M011564,3889.65
M011565,5926.09
M011566,294863.56
M011567,8224.8
M011568,123626.05
M011569,1747.68
M011570,6806.52
M011571,7922.65
M011572,909.88
M011573,572.84
M011574,5194.97
M011575,279.64
M011576,3966.64
M011577,347.62
M011578,2674.43
M011579,125222.01
M011580,369.4
M011581,4427.57
M011582,9939.17
M011583,948.5
M011584,1902.29
M011585,6836.36
M011586,12435.08
M011587,58668.95
M011588,4151.71
M011589,19399.85
M011590,5290.7
M011591,30954.26
M011592,3439.66
M011593,26896.91
M011594,1013.32
M011595,17582.95
M011596,284.24
M011597,16060.22
M011598,579126.95
M011599,1624.55
M011600,19562.33
M011601,1844.67
M011602,4101.04
M011603,111320.83
M011604,120131.12
M011605,191.55
M011606,11348.79
M011607,4105.94
M011608,322.7
M011609,880.36
M011610,187.98
M011611,53784.5
M011612,23.5
M011613,1600.92
M011614,50786.89
M011615,18568.51
M011616,14432.16
M011617,4147.25
M011618,476.12
M011619,15904.53
M011620,12812.29
M011621,3351.99
M011622,49729.53
M011623,48.8
M011624,1.85
M011625,6548.42
M011626,2591.11
M011627,21855.85
M011628,501.47
M011629,1071.3
M011630,178132.93
M011631,12111.33
M011632,703.45
M011633,4558.24
M011634,159.58
M011635,9707.38
M011636,14949.54
M011637,198.53
M011638,3583.95
M011639,8415.31
M011640,22952.72
M011641,1282.59
M011642,11791.54
M011643,5273.45
M011644,389.84
M011645,4320.15
M011646,3108.53
M011647,1452.26
M011648,60.08
M011649,82.0
M011650,1566.46
M011651,1291.25
M011652,443.05
M011653,21053.09
M011654,36147.28
M011655,299720.98
M011656,4739.68
M011657,5282.91
M011658,44797.82
M011659,780625.53
M011660,8284.62
M011661,55931.49
M011662,552982.11
M011663,11388.4
M011664,3650.66
M011665,228515.72
M011666,3351.69
M011667,8206.36
M011668,27722.11
M011669,143.91
M011670,63556.99
M011671,26723.67
M011672,18271.85
M011673,44332.3
M011674,167817.53
M011675,3316.44
M011676,571.38
M011677,1260.91
M011678,5116.32
M011679,2960.18
M011680,400.67
M011681,4215.64
M011682,14374.38
M011683,268.42
M011684,232484.13
M011685,6630.2
M011686,46.88
M011687,1114.09
M011688,23037.05
M011689,82774.94
M011690,7291.25
M011691,12055.72
M011692,658.66
M011693,1862.71
M011694,5922.28
M011695,517.58
M011696,120.39
M011697,219.59
M011698,1252.41
M011699,620.65
M011700,7982.26
M011701,418.11
M011702,15430.83
M011703,2488.14
M011704,23434.33
M011705,296301.71
M011706,69698.36
M011707,606.1
M011708,7206.69
M011709,633.95
M011710,8911.05
M011711,12847.39
M011712,103741.75
M011713,227.83
M011714,2124.86
M011715,437.72
M011716,1095.37
M011717,189.99
M011718,540.58
M011719,1428.92
M011720,4966.88
M011721,2993.59
M011722,1797.31
M011723,716.22
M011724,3717.97
M011725,128.7
M011726,99756.24
M011727,63.94
M011728,38528.42
M011729,200.34
M011730,918.89
M011731,2661.87
M011732,1400.83
M011733,372.25
M011734,57091.49
M011735,331959.15
M011736,662.31
M011737,32205.42
M011738,83187.59
M011739,221.31
M011740,8648.25
M011741,257196.56
M011742,1530.87
M011743,402205.89
M011744,68916.42
M011745,112664.23
M011746,924.1
M011747,229810.38
M011748,22.55
M011749,712.69
M011750,70315.47
M011751,9636.76
M011752,839.49
M011753,9458.33
M011754,18601.12
M011755,4943.08
M011756,14172.15
M011757,147.43
M011758,7636.68
M011759,146513.92
M011760,11676.55
M011761,382.37
M011762,173.11
M011763,94.25
M011764,7811.06
M011765,2908.21
M011766,36038.31
M011767,956.32
M011768,68975.48
M011769,7682.26
M011770,10572.52
M011771,319770.78
M011772,2016.52
M011773,14558.69
M011774,4975.67
M011775,7867.56
M011776,131578.1
M011777,293.61
M011778,5404.92
M011779,2078.69
M011780,55948.58
M011781,1094.47
M011782,78460.79
M011783,3927.79
M011784,4631.36
M011785,12515.42
M011786,423.68
M011787,728.42
M011788,2846.74
M011789,1107.36
M011790,158.49
M011791,72.12
M011792,2178.01
M011793,3207.24
M011794,12875.39
M011795,899.55
M011796,2688.25
M011797,10119.41
M011798,8298.69
M011799,48050.68
M011800,3604.27
M011801,2.2
M011802,26765.17
M011803,15749.06
M011804,2844.06
M011805,2105.52
M011806,652.92
M011807,46339.22
M011808,279.1
M011809,48109.27
M011810,4407.13
M011811,2258.95
M011812,52643.3
M011813,895.86
M011814,4246.03
M011815,2352.16
M011816,8304.28
M011817,2094.26
M011818,11550.02
M011819,89222.03
M011820,62640.35
M011821,6740.69
M011822,162495.24
M011823,29.96
M011824,132.54
M011825,507.44
M011826,64127.93
M011827,774.58
M011828,20639.68
M011829,1965.7
M011830,2427.09
M011831,949.16
M011832,3100.77
M011833,7057.69
M011834,414.43
M011835,166341.41
M011836,29513.75
M011837,1221.42
M011838,465.6
M011839,17190.4
M011840,18058.69
M011841,16858.13
M011842,2138.39
M011843,421.78
M011844,125.21
M011845,206051.42
M011846,944.13
M011847,9770.17
M011848,75478.07
M011849,29641.12
M011850,3054.91
M011851,551.61
M011852,33276.11
M011853,5437.6
M011854,5087.34
M011855,372.81
M011856,53724.36
M011857,16331.65
M011858,844.49
M011859,3448.25
M011860,1940.87
M011861,1031.93
M011862,575.01
M011863,20474.02
M011864,135881.33
M011865,337.66
M011866,221368.34
M011867,1518.44
M011868,5433.08
M011869,28642.97
M011870,2709.3
M011871,17761.57
M011872,22501.05
M011873,1552.34
M011874,33699.14
M011875,965.95
M011876,5413.58
M011877,88.15
M011878,25704.44
M011879,2011.22
M011880,33962.87
M011881,5876.03
M011882,1498.37
M011883,297.88
M011884,72166.9
M011885,2650.17
M011886,7292.76
M011887,47.7
M011888,280759.16
M011889,180634.69
M011890,900.18
M011891,1525.82
M011892,405.59
M011893,24516.46
M011894,12998.91
M011895,605.99
M011896,4606.69
M011897,1604.45
M011898,16019.74
M011899,1880.76
M011900,8754.3
M011901,26421.83
M011902,1526.52
M011903,12.64
M011904,3876.33
M011905,39773.27
M011906,5524.28
M011907,44.82
M011908,1128.0
M011909,3831.43
M011910,504.83
M011911,648.4
M011912,23779.15
M011913,15579.18
M011914,11823.45
M011915,360.74
M011916,377.87
M011917,2152.8
M011918,141.54
M011919,1229.01
M011920,32378.47
M011921,170.88
M011922,139.08
M011923,435.29
M011924,207.47
M011925,3636.17
M011926,2391.34
M011927,40144.5
M011928,1382.14
M011929,1485.22
M011930,15955.47
M011931,9205.69
M011932,712.63
M011933,6333.34
M011934,1022.17
M011935,595.9
M011936,27475.48
M011937,1263.92
M011938,17240.29
M011939,47505.57
M011940,10923.04
M011941,1984.68
M011942,131.38
M011943,48909.55
M011944,91.51
M011945,14826.09
M011946,211337.24
M011947,262017.99
M011948,2021.58
M011949,825.69
M011950,9144.06
M011951,12059.12
M011952,20.68
M011953,3760.82
M011954,139.77
M011955,126600.47
M011956,17042.14
M011957,2868.79
M011958,9096.88
M011959,241266.3
M011960,658.61
M011961,8960.1
M011962,2868474.92
M011963,172492.36
M011964,4790.18
M011965,654.48
M011966,11185.92
M011967,4414.42
M011968,1092.68
M011969,18272.94
M011970,2907.82
M011971,293.98
M011972,36149.73
M011973,99906.93
M011974,163.21
M011975,1652.02
M011976,417.73
M011977,883.87
M011978,55759.02
M011979,137950.51
M011980,21471.49
M011981,588.28
M011982,4789.24
M011983,7719.81
M011984,69292.96
M011985,399.21
M011986,6.94
M011987,18275.01
M011988,2786.54
M011989,1190.77
M011990,6020.21
M011991,5986.1
M011992,3599.35
M011993,144598.49
M011994,11803.05
M011995,72607.08
M011996,347.54
M011997,14388.84
M011998,61652.2
M011999,39.79
M012000,55762.41
M012001,9725368.12
M012002,11905.56
M012003,2849.19
M012004,2150.46
M012005,82562.55
M012006,10844.37
M012007,2442.51
M012008,1185888.61
M012009,1767.46
M012010,9273.48
M012011,7822.86
M012012,7631.15
M012013,1060.48
M012014,59.3
M012015,177628.01
M012016,4450.93
M012017,11635.22
M012018,5598.89
M012019,87736.21
M012020,62112.51
M012021,1461.16
M012022,9472.52
M012023,858.67
M012024,1277.47
M012025,25270.89
M012026,220.01
M012027,9161.19
M012028,1948.72
M012029,272371.17
M012030,4409.74
M012031,7876.56
M012032,5130.56
M012033,2669.5
M012034,14921.28
M012035,106.88
M012036,456.07
M012037,5189.33
M012038,3587.26
M012039,7748.68
M012040,1743.36
M012041,4682.06
M012042,32754.68
M012043,375.05
M012044,3287.84
M012045,116.62
M012046,12186.93
M012047,7069.64
M012048,27376.82
M012049,1144.85
M012050,47.93
M012051,4635.09
M012052,303.73
M012053,12178.77
M012054,12317.83
M012055,7675.69
M012056,8799.38
M012057,1176.78
M012058,31770.47
M012059,140.22
M012060,5458.46
M012061,22694.48
M012062,8648.43
M012063,6693.96
M012064,704485.38
M012065,57496.38
M012066,166.24
M012067,26246.62
M012068,16.93
M012069,21.6
M012070,35341.13
M012071,48677.37
M012072,1347.27
M012073,3911.52
M012074,60.46
M012075,2498.5
M012076,57311.9
M012077,1173.44
M012078,2721.56
M012079,497.4
M012080,14494.52
M012081,1470.36
M012082,230.92
M012083,2149.04
M012084,130229.5
M012085,2326.8
M012086,15090.49
M012087,117298.04
M012088,1501.67
M012089,118311.65
M012090,44511.41
M012091,4490.87
M012092,8174.8
M012093,16913.04
M012094,281.06
M012095,2234.22
M012096,2642.91
M012097,254083.97
M012098,1162.11
M012099,26168.19
M012100,101800.92
M012101,45332.51
M012102,346.01
M012103,282.41
M012104,524.62
M012105,31777.38
M012106,20.03
M012107,24471.51
M012108,958.9
M012109,371.92
M012110,55252.43
M012111,59052.86
M012112,8011.57
M012113,60381.92
M012114,836.44
M012115,4339.66
M012116,13723.37
M012117,182649.87
M012118,3309.75
M012119,36.99
M012120,5271.06
M012121,18558.55
M012122,6770.2
M012123,139757.25
M012124,20393.36
M012125,1658.73
M012126,12732.97
M012127,391.08
M012128,1363224.14
M012129,106.62
M012130,8560.33
M012131,29632.6
M012132,2395.39
M012133,2330.95
M012134,5031.12
M012135,1516.31
M012136,483.24
M012137,81581.59
M012138,11107.45
M012139,459.5
M012140,5157.29
M012141,198.45
M012142,1253.61
M012143,43976.69
M012144,120321.96
M012145,5149.22
M012146,20241.92
M012147,76346.29
M012148,3493.7
M012149,3304213.12
M012150,492.35
M012151,59550.12
M012152,94.31
M012153,5029.53
M012154,9309.39
M012155,431.46
M012156,8830.33
M012157,6327.54
M012158,10946.06
M012159,12015.15
M012160,1784.05
M012161,132.24
M012162,149289.85
M012163,760.76
M012164,5486.8
M012165,143756.17
M012166,20469.04
M012167,119745.41
M012168,431.4
M012169,4269.73
M012170,531.57
M012171,41299.23
M012172,806.41
M012173,2381.15
M012174,1523.62
M012175,511.39
M012176,6773.73
M012177,34569.19
M012178,13975.86
M012179,93.77
M012180,604.9
M012181,393.86
M012182,67.38
M012183,6955.36
M012184,156.2
M012185,4625.91
M012186,317009.13
M012187,44199.89
M012188,41757.68
M012189,1123.03
M012190,1731.39
M012191,722.17
M012192,9367.96
M012193,37962.58
M012194,1584.97
M012195,168.97
M012196,39502.0
M012197,15446.05
M012198,1159.31
M012199,172244.76
M012200,115717.84
M012201,162.33
M012202,24887.21
M012203,43.66
M012204,19830.96
M012205,120279.04
M012206,17492.23
M012207,146244.0
M012208,55.74
M012209,170.09
M012210,12079.52
M012211,84140.45
M012212,639.36
M012213,151795.97
M012214,1082.49
M012215,165845.86
M012216,1008.12
M012217,352.9
M012218,5893.51
M012219,27726.63
M012220,9404.47
M012221,5979.71
M012222,53574.11
M012223,449.06
M012224,228.39
M012225,3019.01
M012226,111.4
M012227,8855.79
M012228,624.49
M012229,183.8
M012230,5495.74
M012231,5462.48
M012232,811.74
M012233,519.49
M012234,4581.12
M012235,913.07
M012236,89226.08
M012237,13369.22
M012238,670.33
M012239,10088.41
M012240,700.03
M012241,8660.84
M012242,414256.18
M012243,10732.24
M012244,725.26
M012245,157.6
M012246,53192.43
M012247,1133.19
M012248,222.63
M012249,376.8
M012250,1103.47
M012251,12354.52
M012252,699.73
M012253,961631.78
M012254,7989.69
M012255,220.2
M012256,2561.84
M012257,169961.81
M012258,1322.77
M012259,222.38
M012260,483680.29
M012261,75.98
M012262,73.93
M012263,3186.64
M012264,195.7
M012265,22684.69
M012266,37924.64
M012267,55123.96
M012268,1809040.88
M012269,51960.82
M012270,7668.82
M012271,81226.22
M012272,377.85
M012273,746621.41
M012274,13392439.33
M012275,2495.3
M012276,842.76
M012277,35698.97
M012278,330.89
M012279,14987.55
M012280,4767.49
M012281,955.79
M012282,5571.53
M012283,21284.29
M012284,6989.59
M012285,49111.71
M012286,44.88
M012287,157.87
M012288,103.48
M012289,1023.46
M012290,23588.68
M012291,1151.06
M012292,3483.97
M012293,30134.72
M012294,11142.59
M012295,55.35
M012296,1633.01
M012297,7144.84
M012298,2027.5
M012299,295.35
M012300,979.61
M012301,2863.43
M012302,1918.1
M012303,861.68
M012304,22244.16
M012305,50163.4
M012306,238.77
M012307,1469.88
M012308,51.36
M012309,87803.11
M012310,3122.84
M012311,464.81
M012312,321.3
M012313,179.72
M012314,91359.31
M012315,9901.61
M012316,7282.3
M012317,4221.46
M012318,21107.07
M012319,20218.47
M012320,109814.66
M012321,19671.46
M012322,821720.58
M012323,19262.48
M012324,15759.46
M012325,20734.74
M012326,54502.02
M012327,5680.85
M012328,274821.42
M012329,5221.65
M012330,265.93
M012331,215571.8
M012332,1216144.95
M012333,296.23
M012334,2747.24
M012335,2644.09
M012336,168.29
M012337,42032.17
M012338,1248.99
M012339,844.8
M012340,774.54
M012341,282.03
M012342,435.04
M012343,702.57
M012344,1614.23
M012345,984.54
M012346,11875.57
M012347,2434.84
M012348,382.11
M012349,63.35
M012350,1692.3
M012351,3175.88
M012352,5914.71
M012353,4984.4
M012354,2132.16
M012355,122590.8
M012356,21405.64
M012357,15176.57
M012358,2434.2
M012359,10258.25
M012360,9645.89
M012361,700.89
M012362,4882.79
M012363,771.65
M012364,35323.09
M012365,104552.96
M012366,9203.24
M012367,17407.76
M012368,371737.39
M012369,1303.95
M012370,3240.1
M012371,4511.4
M012372,6293.21
M012373,7310.16
M012374,4518.41
M012375,8177.3
M012376,6471.99
M012377,1349.45
M012378,480.88
M012379,182.05
M012380,5222.79
M012381,2838.11
M012382,10098.19
M012383,1564.86
M012384,691826.86
M012385,3240.89
M012386,51027.95
M012387,819.38
M012388,518.26
M012389,62566.04
M012390,39.45
M012391,74.06
M012392,547335.41
M012393,43425.31
M012394,173.54
M012395,388416.99
M012396,16.82
M012397,794.06
M012398,153074.69
M012399,183.79
M012400,4682.83
M012401,1259.34
M012402,93.92
M012403,11660.72
M012404,207808.94
M012405,30.49
M012406,13578.49
M012407,18689.28
M012408,419110.04
M012409,23359.17
M012410,49059.41
M012411,9322.91
M012412,538.33
M012413,2075.62
M012414,14377.57
M012415,572719.09
M012416,16.98
M012417,4248.51
M012418,87.59
M012419,606.72
M012420,379.88
M012421,102248.51
M012422,105962.93
M012423,2697.92
M012424,2693.44
M012425,92.71
M012426,1007.33
M012427,116187.46
M012428,12505.6
M012429,11214.55
M012430,202.5
M012431,11323.42
M012432,13.08
M012433,20604.56
M012434,176.16
M012435,756.56
M012436,56384.14
M012437,403.49
M012438,3281.05
M012439,237227.41
M012440,6543.14
M012441,53.54
M012442,22446.52
M012443,1206.71
M012444,4527.15
M012445,44859.21
M012446,3021.88
M012447,4680.26
M012448,1076.96
M012449,132648.11
M012450,263.93
M012451,278372.86
M012452,5286.66
M012453,4447.1
M012454,15730.47
M012455,855.66
M012456,37387.02
M012457,169432.77
M012458,22427.43
M012459,47768.71
M012460,8224.71
M012461,79.0
M012462,38486.89
M012463,19487.6
M012464,10402.61
M012465,930.06
M012466,6128.17
M012467,61.49
M012468,382.06
M012469,10421.81
M012470,57.0
M012471,5337.46
M012472,686.59
M012473,2430.17
M012474,3500.21
M012475,466.21
M012476,273634.72
M012477,248.24
M012478,88030.58
M012479,1149.63
M012480,3026.65
M012481,5409.4
M012482,4234.16
M012483,26833.77
M012484,196808.97
M012485,6754.73
M012486,32562.57
M012487,1548.56
M012488,357.76
M012489,3998.95
M012490,185.69
M012491,10.77
M012492,175.92
M012493,1664.97
M012494,6465.49
M012495,140.81
M012496,27195.1
M012497,13702.06
M012498,4113.18
M012499,422.28
M012500,7264.63
M012501,3260.07
M012502,56296.35
M012503,146499.84
M012504,3854.24
M012505,26592.68
M012506,946.34
M012507,1170.21
M012508,3211.46
M012509,2628.37
M012510,19197.3
M012511,8255.69
M012512,1086.13
M012513,498.94
M012514,460.35
M012515,606.79
M012516,20703.35
M012517,48882.8
M012518,82717.49
M012519,1478.09
M012520,32574.56
M012521,6807.05
M012522,169599.59
M012523,116091.93
M012524,3473.57
M012525,8939.05
M012526,4586.36
M012527,98642.6
M012528,186185.11
M012529,1127.23
M012530,15102.04
M012531,28949.43
M012532,584.85
M012533,39379.43
M012534,9000.05
M012535,9854.08
M012536,9423.66
M012537,1325.35
M012538,110764.55
M012539,1630.22
M012540,837.67
M012541,151257.96
M012542,193686.28
M012543,876.74
M012544,238731.5
M012545,36.67
M012546,90.39
M012547,5472.63
M012548,2857.11
M012549,4800.24
M012550,2922.42
M012551,133700.99
M012552,430.39
M012553,129100.88
M012554,7007.42
M012555,499.31
M012556,12421.67
M012557,36035.52
M012558,361048.24
M012559,3447.74
M012560,2138.96
M012561,5483.49
M012562,5839.25
M012563,1445.71
M012564,392.81
M012565,3757.21
M012566,3171.35
M012567,1664.36
M012568,589.91
M012569,7549.12
M012570,15197.34
M012571,1700.37
M012572,23347.71
M012573,2317.24
M012574,2060.54
M012575,345.23
M012576,2007.37
M012577,689.98
M012578,2462.16
M012579,5385.44
M012580,3641.04
M012581,31162.97
M012582,552.41
M012583,742.97
M012584,2045.35
M012585,6.32
M012586,405.56
M012587,611.13
M012588,1840.94
M012589,3215.73
M012590,3429.54
M012591,2052.46
M012592,470.48
M012593,34780.93
M012594,8.95
M012595,14352.67
M012596,622.11
M012597,2616.31
M012598,24563.43
M012599,31.44
M012600,64375.59
M012601,1973.35
M012602,266.93
M012603,31.71
M012604,42124.74
M012605,12016.19
M012606,137207.52
M012607,198842.43
M012608,59012.04
M012609,163036.64
M012610,481.84
M012611,6541.26
M012612,18381.34
M012613,2463.58
M012614,1722.59
M012615,69589.35
M012616,2388.26
M012617,67445.1
M012618,9071.06
M012619,9089.72
M012620,20357.99
M012621,156214.13
M012622,255.74
M012623,29506.05
M012624,162363.05
M012625,50329.83
M012626,256.86
M012627,3374.47
M012628,2915.35
M012629,21315.55
M012630,8102.5
M012631,656.52
M012632,141337.64
M012633,11364.99
M012634,5779468.47
M012635,3165.97
M012636,8124.06
M012637,2059.48
M012638,615.31
M012639,2101.24
M012640,190.71
M012641,2860.03
M012642,41983.49
M012643,72.65
M012644,821.21
M012645,336.23
M012646,230034.47
M012647,1523.67
M012648,1299.02
M012649,2111.36
M012650,4791.78
M012651,1582587.63
M012652,3337.32
M012653,5899.32
M012654,696.77
M012655,1296.04
M012656,4444.91
M012657,1111.09
M012658,47148.11
M012659,30471.42
M012660,1643.82
M012661,370.2
M012662,390336.48
M012663,2365.93
M012664,495.66
M012665,144827.17
M012666,2715.2
M012667,9046.48
M012668,347.08
M012669,9485.32
M012670,6867.8
M012671,39547.4
M012672,8394.9
M012673,1249.14
M012674,26024.76
M012675,5252.33
M012676,1584.55
M012677,4476.61
M012678,770.99
M012679,16049.92
M012680,887.77
M012681,136.58
M012682,6703.13
M012683,515543.29
M012684,11097.14
M012685,7743.38
M012686,15769.95
M012687,19146.13
M012688,12310.43
M012689,222.41
M012690,2205.2
M012691,9237.94
M012692,365432.53
M012693,42.4
M012694,2057.44
M012695,100.12
M012696,384501.16
M012697,50469.79
M012698,174.0
M012699,5253.24
M012700,8399.11
M012701,4606.26
M012702,5816.73
M012703,5224.24
M012704,27194.87
M012705,212.18
M012706,5334.11
M012707,1810.64
M012708,308498.84
M012709,1741.24
M012710,7490.45
M012711,48296.47
M012712,356.0
M012713,6588.35
M012714,2312.43
M012715,2554.58
M012716,28552.16
M012717,7338.71
M012718,1332.44
M012719,12825.84
M012720,3497.41
M012721,174.88
M012722,2445.56
M012723,3259.65
M012724,6824.06
M012725,553.47
M012726,520.7
M012727,16249.77
M012728,2144.22
M012729,1762.09
M012730,195716.61
M012731,68656.77
M012732,15317.95
M012733,50578.65
M012734,21512.16
M012735,341.39
M012736,2904.04
M012737,48762.33
M012738,978.68
M012739,102607.57
M012740,116382.21
M012741,3450.62
M012742,207.69
M012743,294.47
M012744,3197.9
M012745,1365.07
M012746,912105.12
M012747,4223.98
M012748,1529.02
M012749,264.11
M012750,2643.16
M012751,234.93
M012752,947.88
M012753,1043.22
M012754,11039.63
M012755,7460.63
M012756,20.37
M012757,5130.44
M012758,1797.81
M012759,58777.41
M012760,71224.49
M012761,2683.15
M012762,158.02
M012763,75.44
M012764,22596.66
M012765,2807.73
M012766,676.75
M012767,7010.7
M012768,65.19
M012769,153226.55
M012770,241.64
M012771,1842.35
M012772,5156.64
M012773,464.81
M012774,10.04
M012775,4148.2
M012776,8721.86
M012777,38152.68
M012778,2645.21
M012779,1922.34
M012780,55.94
M012781,30888.02
M012782,59.42
M012783,989.78
M012784,514.85
M012785,3412.99
M012786,1762.78
M012787,2259.55
M012788,491.37
M012789,18638.88
M012790,16405.8
M012791,1215304.64
M012792,29497.51
M012793,244.02
M012794,6510.15
M012795,74864.1
M012796,409172.45
M012797,558.25
M012798,3808.55
M012799,12018.13
M012800,5552.1
M012801,914.87
M012802,127643.15
M012803,6729.07
M012804,2574.11
M012805,7048.69
M012806,24151.59
M012807,108.39
M012808,4714.38
M012809,27830.66
M012810,1809.59
M012811,3582.79
M012812,111.8
M012813,105883.23
M012814,1888.36
M012815,432.09
M012816,5890.92
M012817,22373.78
M012818,5511.21
M012819,1197.95
M012820,66361.02
M012821,280.63
M012822,311.67
M012823,1899.97
M012824,56302.68
M012825,134403.95
M012826,996.97
M012827,19716.67
M012828,283.85
M012829,1423294.62
M012830,4963.05
M012831,41.01
M012832,122064.98
M012833,26602.56
M012834,105.4
M012835,10352.73
M012836,2045.71
M012837,1867.08
M012838,882837.94
M012839,6772.48
M012840,10038.1
M012841,154806.2
M012842,748.55
M012843,20591.56
M012844,386.09
M012845,3469.25
M012846,63718.79
M012847,2428.31
M012848,981.0
M012849,3.84
M012850,57731.57
M012851,6821.19
M012852,6482.12
M012853,363.76
M012854,788.98
M012855,14480.3
M012856,688.58
M012857,3492.39
M012858,13385.66
M012859,13330.37
M012860,303.82
M012861,102586.73
M012862,2482.95
M012863,2989.35
M012864,85.07
M012865,545.47
M012866,49471.32
M012867,637.81
M012868,289089.6
M012869,132.6
M012870,5115.34
M012871,16026.46
M012872,12814.06
M012873,5066.82
M012874,1331.61
M012875,21401.84
M012876,16747.84
M012877,1670.73
M012878,1165.6
M012879,428.86
M012880,4787.95
M012881,6232.03
M012882,5721.84
M012883,7901.71
M012884,33832.34
M012885,386.9
M012886,12.44
M012887,6696.3
M012888,394.32
M012889,156382.11
M012890,36929.78
M012891,5599346.0
M012892,102130.12
M012893,368218.28
M012894,93.12
M012895,5645.3
M012896,2466.37
M012897,2376.48
M012898,9306.27
M012899,67461.66
M012900,23775.23
M012901,21782.7
M012902,1129.38
M012903,37.37
M012904,2326.41
M012905,13571.76
M012906,100.11
M012907,235.97
M012908,14023.41
M012909,4078.83
M012910,1540.95
M012911,382.28
M012912,300.05
M012913,26023.78
M012914,790.9
M012915,117229.61
M012916,3583.85
M012917,4588.65
M012918,3566.91
M012919,1122400.17
M012920,1840.94
M012921,33675.4
M012922,9281.32
M012923,5960.79
M012924,3417.61
M012925,695.34
M012926,508.14
M012927,3771.97
M012928,51223.43
M012929,197.58
M012930,16646.93
M012931,8617.08
M012932,8364.42
M012933,4736.41
M012934,281154.6
M012935,5614.02
M012936,2987.87
M012937,2421.01
M012938,10522.17
M012939,57815.96
M012940,1946.89
M012941,2039.05
M012942,4408.52
M012943,11690.6
M012944,198.45
M012945,276.84
M012946,2171.48
M012947,8558.65
M012948,420.15
M012949,25577.76
M012950,77918.34
M012951,13325.99
M012952,41.32
M012953,3561.21
M012954,1223.44
M012955,1791.56
M012956,245.0
M012957,68067.93
M012958,32.96
M012959,158414.19
M012960,55147.77
M012961,10731.4
M012962,6089.84
M012963,1932.93
M012964,1757364.59
M012965,3024.17
M012966,305343.04
M012967,3721.27
M012968,42206.23
M012969,2350.19
M012970,16673.03
M012971,408.27
M012972,8315.07
M012973,731.99
M012974,2010.35
M012975,1259.4
M012976,932.84
M012977,2959.5
M012978,13933.18
M012979,147.59
M012980,24870.7
M012981,11861.28
M012982,371.07
M012983,6.42
M012984,5023.14
M012985,12637.99
M012986,32680.46
M012987,268.03
M012988,1649.11
M012989,121.97
M012990,4125.79
M012991,899275.12
M012992,2340.29
M012993,49031.74
M012994,7423.42
M012995,92556.58
M012996,7503.76
M012997,74162.96
M012998,110.12
M012999,1096.9
M013000,4336.07
M013001,4665.94
M013002,5255.16
M013003,225.43
M013004,14927.87
M013005,323.82
M013006,995.06
M013007,2598.18
M013008,259.55
M013009,198.9
M013010,559.07
M013011,909.66
M013012,32186.93
M013013,229756.08
M013014,219794.42
M013015,2465.14
M013016,91702.31
M013017,22835.27
M013018,2212.62
M013019,5581.4
M013020,50912.42
M013021,6343.65
M013022,42895.29
M013023,1066.86
M013024,84.2
M013025,206.9
M013026,882.57
M013027,347.26
M013028,72764.99
M013029,8.99
M013030,47.18
M013031,3013.92
M013032,47209.91
M013033,13745.41
M013034,72568.41
M013035,3232.85
M013036,2325.22
M013037,643.42
M013038,423.95
M013039,1188.72
M013040,825.08
M013041,5314.99
M013042,8688.57
M013043,1867.16
M013044,19.09
M013045,37395.22
M013046,47.11
M013047,14088.54
M013048,3567.76
M013049,548.19
M013050,218354.26
M013051,1628.94
M013052,12542.9
M013053,529.56
M013054,2796.61
M013055,33.61
M013056,942413.1
M013057,748.02
M013058,95.23
M013059,23522.72
M013060,528.3
M013061,15606.6
M013062,2097.09
M013063,340.28
M013064,3442.47
M013065,154.18
M013066,1095.07
M013067,254.34
M013068,423.6
M013069,126246.77
M013070,68517.02
M013071,78.21
M013072,288.86
M013073,2977.53
M013074,335.47
M013075,33367.51
M013076,28.35
M013077,34108.47
M013078,102.93
M013079,39428.07
M013080,532.58
M013081,548.99
M013082,27656.01
M013083,4105.92
M013084,141898.31
M013085,589581.25
M013086,725.42
M013087,1393.16
M013088,167545.43
M013089,32555.86
M013090,2779.41
M013091,25.9
M013092,12913.19
M013093,5421.46
M013094,658.18
M013095,658.29
M013096,1115.33
M013097,310269.13
M013098,52435.22
M013099,36069.08
M013100,2116.81
M013101,8299.65
M013102,4.17
M013103,2026.9
M013104,32181.63
M013105,112678.0
M013106,617.33
M013107,285.52
M013108,15508.93
M013109,3459.44
M013110,1519.78
M013111,34581.35
M013112,7453.56
M013113,128684.0
M013114,293.24
M013115,67743.17
M013116,21763.57
M013117,2974.07
M013118,51462.39
M013119,472.87
M013120,1486.86
M013121,48.63
M013122,969.21
M013123,5920.79
M013124,7928.13
M013125,4273.24
M013126,128.94
M013127,3639.83
M013128,1065.17
M013129,1702.16
M013130,38157.48
M013131,7487.97
M013132,1482.77
M013133,619974.56
M013134,161.89
M013135,23966.9
M013136,4054.13
M013137,220209.82
M013138,6638.36
M013139,28122.25
M013140,2992.57
M013141,4697.03
M013142,5534.55
M013143,1051.27
M013144,55985.29
M013145,237.08
M013146,31136.76
M013147,93950.35
M013148,1723.01
M013149,322.04
M013150,20789.83
M013151,21.35
M013152,1417.99
M013153,1859.08
M013154,496.31
M013155,18163.19
M013156,13693.07
M013157,318.68
M013158,802.36
M013159,636.76
M013160,883.16
M013161,10058.04
M013162,32431.91
M013163,5842.94
M013164,1109.45
M013165,5774.61
M013166,138321.78
M013167,21834.42
M013168,1822.27
M013169,1029.95
M013170,8306.53
M013171,2074012.77
M013172,2678.48
M013173,224.82
M013174,2470.64
M013175,7513.0
M013176,267906.73
M013177,321.69
M013178,39038.83
M013179,745.16
M013180,61623.53
M013181,4220.62
M013182,182990.59
M013183,30899.99
M013184,9430.48
M013185,471.61
M013186,61266.27
M013187,10866.09
M013188,561.4
M013189,7601.31
M013190,30657.1
M013191,20655.4
M013192,831.22
M013193,17952.9
M013194,7600.08
M013195,1289.31
M013196,493.75
M013197,288.47
M013198,5786.73
M013199,80274.77
M013200,79.76
M013201,50460.56
M013202,21961.89
M013203,1697.92
M013204,56.57
M013205,602.19
M013206,1831.1
M013207,3868.35
M013208,264382.59
M013209,12409.64
M013210,3058.6
M013211,575.19
M013212,939.1
M013213,825.53
M013214,3325.76
M013215,165.26
M013216,11744.76
M013217,97.09
M013218,2983.62
M013219,8026.67
M013220,9396.81
M013221,10283.46
M013222,2902.16
M013223,127.36
M013224,1450.73
M013225,57192.14
M013226,3213.86
M013227,11100.82
M013228,479332.61
M013229,11281.58
M013230,493.46
M013231,30118.24
M013232,1515.75
M013233,1440.64
M013234,9682.68
M013235,1096.76
M013236,1707.9
M013237,9416.15
M013238,1619.73
M013239,1993.08
M013240,890.9
M013241,858.96
M013242,6471.65
M013243,477619.68
M013244,8180.78
M013245,7431.53
M013246,18.86
M013247,6491.02
M013248,42916.94
M013249,33378.08
M013250,4011.99
M013251,4783.36
M013252,15686.46
M013253,70667.92
M013254,4550.87
M013255,3379.23
M013256,33662.68
M013257,8983.25
M013258,7902.86
M013259,3670.3
M013260,819.57
M013261,12365.0
M013262,13945.74
M013263,3315.8
M013264,14514.8
M013265,1097.06
M013266,270.07
M013267,1896.94
M013268,8669.82
M013269,1793.1
M013270,11816.95
M013271,115541.71
M013272,3823.21
M013273,1899.13
M013274,195.66
M013275,4441.8
M013276,38496.81
M013277,113.45
M013278,128.14
M013279,77.91
M013280,148.13
M013281,1169.94
M013282,16161.44
M013283,6228.47
M013284,228.94
M013285,6308.5
M013286,643.66
M013287,1559.51
M013288,523.87
M013289,17270.45
M013290,44671.55
M013291,22061.81
M013292,964.81
M013293,28739.36
M013294,674.37
M013295,103655.77
M013296,14278.87
M013297,3824.87
M013298,2953.08
M013299,972.01
M013300,521.49
M013301,5275.4
M013302,1161.94
M013303,3305.74
M013304,5162.92
M013305,51057.55
M013306,370.12
M013307,11578.81
M013308,25242.27
M013309,581.49
M013310,88201.28
M013311,546729.67
M013312,10693.12
M013313,9218.46
M013314,3442.05
M013315,48722.62
M013316,23151.73
M013317,3087.77
M013318,62183.11
M013319,27353.09
M013320,12195.27
M013321,1916.59
M013322,2581.27
M013323,7155.12
M013324,1792.66
M013325,7649.33
M013326,214006.39
M013327,42587.77
M013328,26452.77
M013329,1933.64
M013330,37.69
M013331,6278.82
M013332,98277.33
M013333,2147.06
M013334,718.2
M013335,734.49
M013336,4886.21
M013337,9183.58
M013338,60982.77
M013339,3931.74
M013340,2052.69
M013341,3860.08
M013342,10786.71
M013343,12068.34
M013344,261.01
M013345,169.98
M013346,2510.89
M013347,2382.01
M013348,38623.49
M013349,233.29
M013350,3548.57
M013351,285325.06
M013352,200228.0
M013353,147.39
M013354,5230.07
M013355,5606.71
M013356,12629.51
M013357,21705.79
M013358,1533.45
M013359,2257.69
M013360,714.0
M013361,15571.1
M013362,6967.55
M013363,17345.34
M013364,15077.11
M013365,39475.0
M013366,360.55
M013367,8.25
M013368,295.01
M013369,14758.04
M013370,35248.77
M013371,1936.81
M013372,3556.55
M013373,513.71
M013374,21882.97
M013375,155.26
M013376,52384.46
M013377,25845.96
M013378,644.2
M013379,10383.06
M013380,2316.93
M013381,35.69
M013382,291.73
M013383,18.38
M013384,3240.35
M013385,120844.03
M013386,1119.96
M013387,691.62
M013388,1520.15
M013389,1406.41
M013390,3931.27
M013391,4017.92
M013392,573.6
M013393,4711.86
M013394,3746.51
M013395,342.86
M013396,159.0
M013397,23756.68
M013398,1050.4
M013399,4028.15
M013400,24673.74
M013401,17643.66
M013402,4523.07
M013403,13406.91
M013404,22137.61
M013405,108582.41
M013406,4006.47
M013407,5670.49
M013408,10315.69
M013409,801.14
M013410,451.08
M013411,1217.57
M013412,1539.15
M013413,364219.61
M013414,21550.43
M013415,5203.49
M013416,28958.26
M013417,28590.87
M013418,1408.25
M013419,55.33
M013420,2647.77
M013421,11610.05
M013422,3503.3
M013423,40064.05
M013424,1210.48
M013425,19730.66
M013426,109737.99
M013427,19974.0
M013428,2446.66
M013429,1011.96
M013430,483.83
M013431,2430.61
M013432,1835.45
M013433,9950.99
M013434,394945.58
M013435,1432.23
M013436,652.17
M013437,1904.61
M013438,3581.03
M013439,2262.86
M013440,1827.4
M013441,78.08
M013442,291512.0
M013443,7286.0
M013444,3729.83
M013445,1582.61
M013446,4719.16
M013447,1975.06
M013448,166.68
M013449,87.51
M013450,1771.64
M013451,926.75
M013452,721.94
M013453,121.84
M013454,506.41
M013455,10374.0
M013456,201.87
M013457,36993.56
M013458,4979.97
M013459,1719.84
M013460,138.08
M013461,3301.86
M013462,15704.71
M013463,7855.51
M013464,15551.19
M013465,36650.11
M013466,1177.11
M013467,2334.53
M013468,105.6
M013469,4808.83
M013470,339.54
M013471,997.06
M013472,1753.87
M013473,4918.51
M013474,1766.02
M013475,81112.45
M013476,14652.41
M013477,78825.16
M013478,2940.0
M013479,603.17
M013480,86.22
M013481,2594.42
M013482,8793.48
M013483,4299.95
M013484,1404.55
M013485,1291.24
M013486,5306.77
M013487,1469.66
M013488,485.91
M013489,798.65
M013490,1270.52
M013491,89934.71
M013492,33982.6
M013493,92141.25
M013494,13718.17
M013495,2855.64
M013496,1647.75
M013497,1808.05
M013498,3249.58
M013499,108412.75
M013500,361.26
M013501,2511.2
M013502,1072.06
M013503,3346.55
M013504,2916.65
M013505,22350.29
M013506,54180.77
M013507,184391.21
M013508,7226.66
M013509,5653.77
M013510,3776.98
M013511,1469.68
M013512,2581.76
M013513,68914.25
M013514,166.67
M013515,16771.58
M013516,721.42
M013517,2076.56
M013518,37671.6
M013519,4791.64
M013520,45.67
M013521,972028.3
M013522,9241.44
M013523,292994.12
M013524,17093.34
M013525,60555.39
M013526,8629.6
M013527,8364.35
M013528,21593.69
M013529,723.35
M013530,2448.1
M013531,13516.38
M013532,207210.54
M013533,11900.0
M013534,4910.26
M013535,1482.54
M013536,728.55
M013537,740.93
M013538,406.66
M013539,1961.16
M013540,399.08
M013541,1758.33
M013542,5025.69
M013543,3974.69
M013544,361.54
M013545,72938.6
M013546,5274.53
M013547,35056.03
M013548,147.08
M013549,7308.97
M013550,2286.25
M013551,1458.87
M013552,3975.8
M013553,736.69
M013554,8801.64
M013555,9208.44
M013556,44.92
M013557,17727.23
M013558,8212.76
M013559,1593.9
M013560,282.64
M013561,877.6
M013562,47196.95
M013563,19648.26
M013564,3386.86
M013565,154.06
M013566,11509.82
M013567,57339.91
M013568,186606.78
M013569,72.02
M013570,4510.97
M013571,18715.47
M013572,268.32
M013573,677.85
M013574,640.83
M013575,3551.6
M013576,109.53
M013577,343.13
M013578,2103.93
M013579,12839.79
M013580,8576.05
M013581,296.41
M013582,191083.34
M013583,14002.53
M013584,4897.53
M013585,7211.73
M013586,42457.66
M013587,3052.56
M013588,13964.76
M013589,342.1
M013590,6093.56
M013591,47733.71
M013592,43296.48
M013593,100975.05
M013594,67914.27
M013595,300.87
M013596,41241.77
M013597,1636.42
M013598,278.83
M013599,787.67
M013600,12223.23
M013601,99662.62
M013602,2826.56
M013603,121.29
M013604,92.67
M013605,9953.64
M013606,66.42
M013607,1341.32
M013608,233.82
M013609,1636.13
M013610,18770.56
M013611,4386.44
M013612,220614.42
M013613,1735.66
M013614,184.33
M013615,6559.05
M013616,453.46
M013617,117223.25
M013618,8513.82
M013619,536.57
M013620,7537.23
M013621,927.8
M013622,38600.72
M013623,5128.42
M013624,12.14
M013625,43728.06
M013626,117015.62
M013627,4589.7
M013628,8025.61
M013629,1492.32
M013630,5670.54
M013631,575.16
M013632,8640.01
M013633,57.75
M013634,657.58
M013635,4592.38
M013636,13086.98
M013637,3438.27
M013638,453.19
M013639,947.96
M013640,28791.68
M013641,383.02
M013642,481.56
M013643,3404.41
M013644,1174.13
M013645,134.63
M013646,140.22
M013647,49550.07
M013648,3225.33
M013649,231.87
M013650,739.03
M013651,2894.77
M013652,5677.47
M013653,26306.51
M013654,27.25
M013655,91860.84
M013656,431.08
M013657,1723.08
M013658,39867.42
M013659,21407.6
M013660,885.5
M013661,60600.24
M013662,4889.5
M013663,7779.32
M013664,1941.42
M013665,2969.66
M013666,10538.47
M013667,69856.6
M013668,29749.51
M013669,200.28
M013670,47227.15
M013671,5734.94
M013672,31.33
M013673,454.21
M013674,12377.96
M013675,109457.07
M013676,1997.21
M013677,7012.19
M013678,395363.33
M013679,4571.85
M013680,442.67
M013681,18218.42
M013682,1087.64
M013683,1351.79
M013684,15388.85
M013685,61.39
M013686,341.11
M013687,2763.7
M013688,3453.56
M013689,1418.4
M013690,30801.34
M013691,12356.52
M013692,93.39
M013693,60583.2
M013694,1410.15
M013695,315.35
M013696,4407.38
M013697,22418.07
M013698,6411.33
M013699,30.74
M013700,8455.43
M013701,10107.5
M013702,5752.0
M013703,553.92
M013704,12405.65
M013705,26073.38
M013706,479006.19
M013707,65434.09
M013708,56069.14
M013709,44901.82
M013710,27.07
M013711,8999.2
M013712,2328.94
M013713,39739.07
M013714,108455.95
M013715,2151.03
M013716,1778.59
M013717,11893.02
M013718,52639.4
M013719,325.84
M013720,67124.87
M013721,51413.44
M013722,1326.27
M013723,55.61
M013724,3651.25
M013725,16175.69
M013726,33974.5
M013727,158.31
M013728,10326.35
M013729,103258.32
M013730,179.76
M013731,138.94
M013732,77.17
M013733,13283.88
M013734,3595.48
M013735,6657.67
M013736,737.32
M013737,33504.34
M013738,138770.92
M013739,2024.56
M013740,178306.3
M013741,89.02
M013742,20948.89
M013743,75531.3
M013744,137255.21
M013745,13.98
M013746,4272.61
M013747,23283.63
M013748,6471.09
M013749,689.05
M013750,672.53
M013751,3536.09
M013752,1250.92
M013753,534527.02
M013754,99545.02
M013755,27505.75
M013756,26055.98
M013757,195.11
M013758,222.04
M013759,2736.74
M013760,5062.79
M013761,2344.32
M013762,1759.89
M013763,77.33
M013764,539.23
M013765,16728.8
M013766,382.58
M013767,548.08
M013768,6583.29
M013769,851.09
M013770,1717.0
M013771,39052.32
M013772,138466.82
M013773,389.89
M013774,3338.01
M013775,773.25
M013776,19.69
M013777,10058.77
M013778,126125.36
M013779,215.27
M013780,2174.33
M013781,2525.56
M013782,230.0
M013783,103516.55
M013784,18143.49
M013785,2429.62
M013786,4479.68
M013787,75256.31
M013788,14792.84
M013789,76.51
M013790,60782.45
M013791,5046.98
M013792,1229.29
M013793,25919.83
M013794,2768.62
M013795,26864.41
M013796,308.85
M013797,19.79
M013798,5272.82
M013799,2903.24
M013800,2740.67
M013801,343.94
M013802,2947.12
M013803,10244.61
M013804,22440.48
M013805,22189.22
M013806,7.16
M013807,1432.9
M013808,33139.59
M013809,1495.18
M013810,208.99
M013811,39546.09
M013812,24207.69
M013813,81956.17
M013814,12900.54
M013815,473.96
M013816,5931910.27
M013817,9318.14
M013818,9940.28
M013819,463.82
M013820,73.75
M013821,390.59
M013822,70658.24
M013823,1688.66
M013824,18764.09
M013825,1442970.06
M013826,42249.08
M013827,463834.99
M013828,1947.61
M013829,1208.66
M013830,992.5
M013831,57135.9
M013832,3624.82
M013833,665365.08
M013834,12.76
M013835,8691.29
M013836,114259.91
M013837,5527022.17
M013838,97478.31
M013839,1351.05
M013840,2276.33
M013841,5455.56
M013842,32057.45
M013843,503.13
M013844,16293.92
M013845,796.76
M013846,2459.87
M013847,1070.67
M013848,13512.51
M013849,3293.38
M013850,1771.39
M013851,2876.42
M013852,1144.58
M013853,3530.46
M013854,665.9
M013855,52.4
M013856,12693.87
M013857,5337.26
M013858,46199.85
M013859,4285.98
M013860,208034.46
M013861,10801.69
M013862,5188.51
M013863,9635.2
M013864,9269.3
M013865,30352.73
M013866,35856.16
M013867,6071.13
M013868,12733.09
M013869,285746.8
M013870,662.57
M013871,176.16
M013872,238.14
M013873,7341.26
M013874,153597.1
M013875,116670.52
M013876,280703.81
M013877,66640.08
M013878,729.92
M013879,1027.27
M013880,6693.89
M013881,841.07
M013882,678815.04
M013883,5082.52
M013884,15577.29
M013885,72241.85
M013886,29271.34
M013887,1429.93
M013888,1176.32
M013889,2312.14
M013890,6809.39
M013891,6565.16
M013892,126964.45
M013893,92678.71
M013894,6461.91
M013895,275.86
M013896,123.48
M013897,5465.82
M013898,9906.63
M013899,19306.94
M013900,44467.68
M013901,1054.4
M013902,532.83
M013903,7629.19
M013904,40437.53
M013905,27.04
M013906,440.07
M013907,3358.04
M013908,2455.02
M013909,802.62
M013910,71888.96
M013911,655.2
M013912,405.31
M013913,431.14
M013914,26811.89
M013915,4759.12
M013916,12.97
M013917,29739.43
M013918,2402.62
M013919,34.47
M013920,1222.6
M013921,4391.06
M013922,39552.14
M013923,1361.29
M013924,623.14
M013925,51568.47
M013926,312630.94
M013927,1640.28
M013928,8316.72
M013929,13754.33
M013930,2815.93
M013931,104142.89
M013932,2634.04
M013933,870.21
M013934,351.74
M013935,76994.83
M013936,34245.55
M013937,3180.06
M013938,104225.49
M013939,267474.49
M013940,6010635.29
M013941,10730.63
M013942,17.32
M013943,27540.93
M013944,2318.38
M013945,5070.47
M013946,25446.34
M013947,2939.25
M013948,62.27
M013949,252326.57
M013950,1309.98
M013951,36163.89
M013952,43591.4
M013953,1271.6
M013954,49.3
M013955,4123.5
M013956,837.53
M013957,3273.63
M013958,321.63
M013959,1476789.76
M013960,56.0
M013961,1376.94
M013962,25470.54
M013963,9012.75
M013964,59006.12
M013965,35.79
M013966,1818.75
M013967,1575.44
M013968,4352.32
M013969,81.21
M013970,7607.93
M013971,1320.16
M013972,1651695.68
M013973,3387.57
M013974,23671.07
M013975,30813.62
M013976,17159.59
M013977,37202.33
M013978,465.35
M013979,1490.91
M013980,2051.46
M013981,13903.71
M013982,17398.22
M013983,759.58
M013984,1446.78
M013985,71983.95
M013986,5461.44
M013987,2363.11
M013988,368.9
M013989,12039.27
M013990,1088.87
M013991,281.17
M013992,17022.67
M013993,2313040.73
M013994,1174.65
M013995,2764.99
M013996,8.59
M013997,11927.01
M013998,673.45
M013999,378.91
M014000,190076.98
M014001,80265.65
M014002,10737.02
M014003,44.22
M014004,8488.76
M014005,448.44
M014006,5167.94
M014007,12023.76
M014008,1228.91
M014009,8619.41
M014010,853.21
M014011,76966.12
M014012,3682.77
M014013,3613.51
M014014,756.12
M014015,14407.09
M014016,368.16
M014017,20841.13
M014018,138.92
M014019,2511.56
M014020,104.21
M014021,20539.71
M014022,951.37
M014023,13248.4
M014024,291.47
M014025,3538.46
M014026,105920.3
M014027,10185.23
M014028,1856.33
M014029,8191.15
M014030,7932.75
M014031,6780.79
M014032,1415.61
M014033,14637.06
M014034,840.1
M014035,25958.31
M014036,623.4
M014037,206693.44
M014038,158.16
M014039,28825.67
M014040,121.43
M014041,54671.01
M014042,41695.26
M014043,1866.74
M014044,22968.41
M014045,23709.77
M014046,945594.44
M014047,1606.5
M014048,519.04
M014049,4569.27
M014050,2237.75
M014051,110543.48
M014052,167.9
M014053,10464.53
M014054,60982.67
M014055,206.03
M014056,1834.0
M014057,3708128.76
M014058,470767.54
M014059,63664.1
M014060,1937.21
M014061,1608.7
M014062,120096.86
M014063,614.48
M014064,7592.74
M014065,9286.26
M014066,2698.19
M014067,2608.21
M014068,166869.16
M014069,116416.84
M014070,12730.81
M014071,58902.1
M014072,48.15
M014073,916.76
M014074,4221178.23
M014075,3846.53
M014076,144466.66
M014077,717.37
M014078,6824.75
M014079,144.18
M014080,453015.29
M014081,1036.35
M014082,1666.79
M014083,242.5
M014084,49511.46
M014085,60422.97
M014086,1999.63
M014087,200.19
M014088,55.75
M014089,1148.24
M014090,104102.89
M014091,71891.74
M014092,424.26
M014093,87.35
M014094,165.5
M014095,330.03
M014096,1484.04
M014097,10593.98
M014098,3230.56
M014099,43169.45
M014100,60.75
M014101,656.43
M014102,79994.57
M014103,559.5
M014104,17.93
M014105,4102.53
M014106,1331.92
M014107,196.21
M014108,10933.06
M014109,87364.88
M014110,162.34
M014111,21635.08
M014112,7481.63
M014113,2227.58
M014114,2194252.46
M014115,64697.47
M014116,253.09
M014117,26802.07
M014118,2.12
M014119,1593.34
M014120,3853.81
M014121,130.91
M014122,3898.23
M014123,12331.72
M014124,93300.97
M014125,1297.32
M014126,7477.94
M014127,41.65
M014128,1684.94
M014129,13087.54
M014130,7510.85
M014131,48200.67
M014132,2695.14
M014133,1730.3
M014134,946.15
M014135,192.71
M014136,2030.37
M014137,57913.64
M014138,1620.34
M014139,149.24
M014140,48.16
M014141,6067.61
M014142,16624.18
M014143,716.04
M014144,209786.27
M014145,9877.94
M014146,785.47
M014147,228.86
M014148,13.02
M014149,999.5
M014150,2135.18
M014151,599530.91
M014152,962.86
M014153,360.37
M014154,1071.54
M014155,2773.65
M014156,290.72
M014157,5963.45
M014158,1539.33
M014159,10236.91
M014160,1160.2
M014161,6944.67
M014162,1107.26
M014163,415.32
M014164,148708.29
M014165,236.14
M014166,2887.76
M014167,1711.96
M014168,25852.95
M014169,22756.22
M014170,25105.58
M014171,436.04
M014172,38287.25
M014173,417.71
M014174,1101.34
M014175,2445.55
M014176,5297.06
M014177,389.68
M014178,2223.48
M014179,12762.53
M014180,83478.12
M014181,2866.37
M014182,12354.17
M014183,15.48
M014184,123821.64
M014185,958.71
M014186,3026.24
M014187,5732.11
M014188,4288.71
M014189,593272.24
M014190,45454.75
M014191,2284.98
M014192,11936.46
M014193,327.46
M014194,4867.21
M014195,10725.2
M014196,5140.2
M014197,2598.78
M014198,713482.24
M014199,55261.17
M014200,116.38
M014201,11894.36
M014202,395778.27
M014203,81650.33
M014204,5530.13
M014205,63337.99
M014206,176.45
M014207,214.48
M014208,3944.98
M014209,581.03
M014210,408.02
M014211,2262.21
M014212,1277.35
M014213,215.69
M014214,106.95
M014215,36178.78
M014216,15772.19
M014217,4071.02
M014218,204.04
M014219,33229.44
M014220,158751.87
M014221,4670.12
M014222,230.27
M014223,10342.38
M014224,1655.73
M014225,24715.5
M014226,378.53
M014227,1518.84
M014228,3765.68
M014229,6989.21
M014230,4386.0
M014231,517.77
M014232,81.04
M014233,314.06
M014234,4026.79
M014235,686.09
M014236,31604.48
M014237,2522.73
M014238,815.52
M014239,5751.68
M014240,9668.59
M014241,94.86
M014242,1343.83
M014243,63441.84
M014244,15427.51
M014245,784.87
M014246,423.41
M014247,372.16
M014248,8225.57
M014249,3993.91
M014250,6927.02
M014251,10074.95
M014252,52923.94
M014253,137105.92
M014254,4051.96
M014255,1048.67
M014256,542.31
M014257,3397.17
M014258,116883.04
M014259,2177.75
M014260,116.81
M014261,9280.44
M014262,2554542.91
M014263,12290.61
M014264,1616.89
M014265,77400.53
M014266,77.05
M014267,19236.98
M014268,1880.68
M014269,46336.24
M014270,1230.6
M014271,31.56
M014272,442.79
M014273,3598.68
M014274,53538.5
M014275,11106.94
M014276,126789.07
M014277,167711.2
M014278,49.03
M014279,14583.32
M014280,824.18
M014281,180073.84
M014282,19175.38
M014283,3497.58
M014284,10621.28
M014285,4528.83
M014286,145538.48
M014287,41602.96
M014288,192826.91
M014289,2792.08
M014290,2650.21
M014291,3451.78
M014292,313.48
M014293,3918.01
M014294,5.05
M014295,1983.29
M014296,9918.91
M014297,14.48
M014298,1644.35
M014299,1897.41
M014300,18272.06
M014301,9572.58
M014302,13048.29
M014303,2730.51
M014304,17993.81
M014305,3643.86
M014306,2105.27
M014307,13249.19
M014308,146496.94
M014309,1499.04
M014310,4615.13
M014311,4253.02
M014312,441393.64
M014313,114372.28
M014314,2183.08
M014315,2543.33
M014316,14608.76
M014317,5015.9
M014318,261.31
M014319,13816.28
M014320,3043.28
M014321,449.27
M014322,233.02
M014323,19.71
M014324,26317.19
M014325,373.81
M014326,90296.85
M014327,1244.98
M014328,578.18
M014329,2834.94
M014330,1058.86
M014331,4505.37
M014332,77047.16
M014333,331.01
M014334,13527.96
M014335,12042.54
M014336,331.58
M014337,13030.28
M014338,117.37
M014339,188.79
M014340,4082.81
M014341,15526.46
M014342,1640.62
M014343,69040.39
M014344,23575.67
M014345,2244.18
M014346,19969.3
M014347,2421.72
M014348,312.35
M014349,5675.45
M014350,163.36
M014351,4357.51
M014352,22.09
M014353,574.87
M014354,68617.1
M014355,222128.69
M014356,5734.2
M014357,6898.63
M014358,3105.65
M014359,36374.18
M014360,55104.43
M014361,688.91
M014362,11505.63
M014363,201.28
M014364,2999.84
M014365,1695.92
M014366,1346.43
M014367,5284.87
M014368,5098.27
M014369,4792.09
M014370,6122.23
M014371,3032.37
M014372,40794.78
M014373,63579.18
M014374,16923.68
M014375,17180.66
M014376,9291.72
M014377,2985.95
M014378,9718.59
M014379,2640.49
M014380,365.39
M014381,781.77
M014382,9615.04
M014383,13872.45
M014384,5889.36
M014385,110836.47
M014386,19.84
M014387,634.91
M014388,2215.75
M014389,1775.2
M014390,142826.4
M014391,544439.41
M014392,12664.24
M014393,123167.32
M014394,115.76
M014395,370.28
M014396,7779.61
M014397,24901.13
M014398,135391.24
M014399,46738.95
M014400,11022.81
M014401,573.52
M014402,638458.99
M014403,8465288.53
M014404,60814.34
M014405,26407.59
M014406,3653.41
M014407,1154.98
M014408,172402.97
M014409,3707.5
M014410,7460.38
M014411,10082.39
M014412,7217.68
M014413,85.69
M014414,332.15
M014415,651605.24
M014416,17676.47
M014417,78735.44
M014418,1901.74
M014419,124316.37
M014420,17593.02
M014421,7356.06
M014422,439775.64
M014423,78076.41
M014424,2590.28
M014425,24266.2
M014426,36829.25
M014427,38488.85
M014428,30188.61
M014429,3581.69
M014430,2489.74
M014431,3985.78
M014432,185711.94
M014433,568.21
M014434,636.04
M014435,6109.33
M014436,363.59
M014437,2215.29
M014438,132.88
M014439,974.4
M014440,5675.21
M014441,20170.12
M014442,159945.07
M014443,6789.67
M014444,1362.01
M014445,5170.77
M014446,7232.23
M014447,8958.83
M014448,23375.45
M014449,14017.53
M014450,13183.03
M014451,82664.97
M014452,1565.0
M014453,3733.61
M014454,348193.89
M014455,241.0
M014456,521.23
M014457,34527.01
M014458,8441.49
M014459,23927.99
M014460,10222.84
M014461,97.72
M014462,212.0
M014463,10298.85
M014464,891.79
M014465,362.59
M014466,10500.6
M014467,1652.19
M014468,14353.15
M014469,2135.54
M014470,46151.25
M014471,10867.21
M014472,14613.4
M014473,2863.13
M014474,7290.15
M014475,19714.58
M014476,13257.85
M014477,32428.4
M014478,472983.49
M014479,1669.21
M014480,2211.65
M014481,956933.08
M014482,183.28
M014483,205.44
M014484,140.85
M014485,4440.2
M014486,3326.55
M014487,9966.04
M014488,10360.88
M014489,6746.34
M014490,753.57
M014491,325797.05
M014492,973.14
M014493,9240.95
M014494,103.4
M014495,376.29
M014496,57503.67
M014497,63.27
M014498,816.0
M014499,8427.64
M014500,16172.38
M014501,14659.43
M014502,10459.93
M014503,2061.97
M014504,669.28
M014505,1954.09
M014506,212.96
M014507,63.15
M014508,25670.44
M014509,3994205.3
M014510,41742.03
M014511,15204.77
M014512,70839.98
M014513,245.61
M014514,289.44
M014515,7128.73
M014516,10407.59
M014517,1053.07
M014518,5139.21
M014519,23050.08
M014520,37208.58
M014521,228.82
M014522,428.65
M014523,247.39
M014524,28896.41
M014525,535396.52
M014526,3314.2
M014527,9097.1
M014528,1209.02
M014529,8393.83
M014530,299.39
M014531,8506.01
M014532,17571.66
M014533,1000.44
M014534,798.39
M014535,743.96
M014536,620.7
M014537,1975.96
M014538,397.56
M014539,8104.36
M014540,2340.62
M014541,74619.8
M014542,7849.55
M014543,3635.3
M014544,4900.01
M014545,90490.28
M014546,525907.43
M014547,664.96
M014548,1491.38
M014549,177.08
M014550,224.72
M014551,2664.41
M014552,31962.85
M014553,2678.66
M014554,422.07
M014555,433.76
M014556,40334.89
M014557,262086.3
M014558,2000.79
M014559,3.43
M014560,248201.11
M014561,170.08
M014562,46605.01
M014563,1384.8
M014564,13236.87
M014565,3958.04
M014566,1933.13
M014567,5168.93
M014568,957.62
M014569,3565.23
M014570,2031.72
M014571,13300.8
M014572,36986.49
M014573,747.96
M014574,166469.14
M014575,3580.93
M014576,37254.97
M014577,40802.62
M014578,573.98
M014579,32477.69
M014580,11414.93
M014581,6578.68
M014582,1560.69
M014583,295.95
M014584,90821.13
M014585,10621.8
M014586,5544.56
M014587,63402.76
M014588,5256.58
M014589,10466.46
M014590,313.82
M014591,406.99
M014592,3192.95
M014593,6928.31
M014594,5253.78
M014595,7542.99
M014596,169724.85
M014597,7913.66
M014598,1181.76
M014599,2576.7
M014600,18409.1
M014601,2294.27
M014602,4505.8
M014603,724.37
M014604,432.92
M014605,478.83
M014606,97911.29
M014607,7611.61
M014608,3469.96
M014609,23785.19
M014610,74022.31
M014611,2164.3
M014612,44581.7
M014613,1096.67
M014614,20623.95
M014615,1048.46
M014616,304926.19
M014617,749.49
M014618,14413.46
M014619,120.0
M014620,1118.29
M014621,4566.99
M014622,24440.74
M014623,27101.1
M014624,36744.66
M014625,2104.88
M014626,33173.92
M014627,11357.32
M014628,2084.19
M014629,1570.2
M014630,54445.33
M014631,11415.33
M014632,1823853.98
M014633,991.74
M014634,202.68
M014635,426.04
M014636,11471.94
M014637,31824.19
M014638,1722.96
M014639,22395.85
M014640,45770.06
M014641,10627.67
M014642,31289.83
M014643,43854.46
M014644,14548.66
M014645,22992.79
M014646,1075.55
M014647,22577.45
M014648,243.88
M014649,6500.73
M014650,8865.85
M014651,3795.76
M014652,2194.4
M014653,510153.88
M014654,21355.72
M014655,10825.03
M014656,208975.47
M014657,81298.68
M014658,20646.9
M014659,43.05
M014660,117507.71
M014661,48018.6
M014662,5804120.66
M014663,11244.83
M014664,28932.21
M014665,791.01
M014666,389848.17
M014667,24284.85
M014668,3436.52
M014669,8641.32
M014670,3238.32
M014671,34.34
M014672,3530.45
M014673,7522.63
M014674,3703.17
M014675,1238.16
M014676,2439.77
M014677,66911.0
M014678,5002.6
M014679,47698.79
M014680,149176.48
M014681,13268.3
M014682,760.8
M014683,24362.93
M014684,770.0
M014685,9210.05
M014686,268776.63
M014687,210.96
M014688,864.02
M014689,2002.05
M014690,104.0
M014691,31685.9
M014692,546.22
M014693,998.55
M014694,28928.84
M014695,1580.51
M014696,9865.14
M014697,6850.69
M014698,28960.39
M014699,113373.89
M014700,702.14
M014701,10116.93
M014702,1047.26
M014703,133759.77
M014704,4224.78
M014705,107641.91
M014706,15558.29
M014707,215173.35
M014708,10266.72
M014709,169.29
M014710,2438.04
M014711,3809.16
M014712,409.71
M014713,1012173.62
M014714,9254.28
M014715,3968.17
M014716,108975.67
M014717,4566.3
M014718,8740372.49
M014719,70907.65
M014720,6115.77
M014721,429.24
M014722,521.87
M014723,4222.72
M014724,239.15
M014725,226.98
M014726,19872.5
M014727,12639.16
M014728,1370.8
M014729,160407.82
M014730,1708.79
M014731,73673.76
M014732,16057.01
M014733,2743.35
M014734,68280.55
M014735,5139.69
M014736,6082.48
M014737,27222.21
M014738,8500.97
M014739,147.15
M014740,101.18
M014741,4834.46
M014742,163.27
M014743,35.92
M014744,258.28
M014745,27539.47
M014746,47224.74
M014747,28973.88
M014748,4377.44
M014749,1322.32
M014750,8028.24
M014751,226.67
M014752,2406.75
M014753,47.37
M014754,49.96
M014755,4466.13
M014756,15026.7
M014757,1517.24
M014758,821.37
M014759,1597.65
M014760,108.0
M014761,1724.83
M014762,6372.54
M014763,1378.11
M014764,2595.73
M014765,926.52
M014766,41240.54
M014767,2262.75
M014768,92789.86
M014769,30685.14
M014770,33593.87
M014771,7187.93
M014772,1539.02
M014773,238.19
M014774,246.38
M014775,1351.29
M014776,5721.22
M014777,18514.51
M014778,91.87
M014779,293751.96
M014780,31117.08
M014781,88537.37
M014782,8178.04
M014783,5191.62
M014784,1528.56
M014785,1138.4
M014786,464.35
M014787,11106.39
M014788,1458.22
M014789,659891.64
M014790,99.12
M014791,1772.55
M014792,312.42
M014793,22124.27
M014794,3698.73
M014795,271.25
M014796,1440.93
M014797,37129.38
M014798,6119.05
M014799,9011.17
M014800,1937.45
M014801,592274.38
M014802,14272.37
M014803,6831.02
M014804,21984.58
M014805,86.5
M014806,279479.15
M014807,1856.37
M014808,207.29
M014809,953.46
M014810,1109.21
M014811,48813.09
M014812,8634.71
M014813,24586.83
M014814,22682.44
M014815,3825.75
M014816,53964.17
M014817,1538.56
M014818,287537.74
M014819,1455.47
M014820,3689.13
M014821,509.88
M014822,1704.8
M014823,664.62
M014824,19358.62
M014825,366617.44
M014826,316774.48
M014827,16424.15
M014828,9195.6
M014829,2319.81
M014830,1931.86
M014831,59173.53
M014832,1097.56
M014833,19.63
M014834,8178.71
M014835,17247.41
M014836,9494.37
M014837,33749.16
M014838,4809.58
M014839,45838.79
M014840,305727.66
M014841,4095.42
M014842,3147.83
M014843,4069.5
M014844,1439.91
M014845,31311.72
M014846,7558.77
M014847,8654.14
M014848,17732.63
M014849,4799.61
M014850,5500.92
M014851,940.46
M014852,7.52
M014853,3786.33
M014854,5135.06
M014855,80915.06
M014856,312.65
M014857,8717.7
M014858,486.82
M014859,4777.11
M014860,11843.8
M014861,456.49
M014862,2674.55
M014863,568.43
M014864,167.24
M014865,945.95
M014866,4135.56
M014867,1579.19
M014868,37021.04
M014869,6913.21
M014870,4521.32
M014871,13037.69
M014872,4473.31
M014873,4886.09
M014874,273.87
M014875,7111.54
M014876,2039.34
M014877,1580.72
M014878,305.23
M014879,2019.64
M014880,1575.11
M014881,69030.55
M014882,35671.59
M014883,122209.09
M014884,5810.83
M014885,583.93
M014886,112493.22
M014887,1980.32
M014888,50135.13
M014889,3849.66
M014890,2753.84
M014891,1430.73
M014892,1128.51
M014893,6216.5
M014894,60207.08
M014895,147.27
M014896,1270.21
M014897,631360.9
M014898,12630.24
M014899,671.96
M014900,9155.43
M014901,662382.24
M014902,4142.48
M014903,10072.26
M014904,563.95
M014905,1159.38
M014906,19843.49
M014907,58444.73
M014908,863.87
M014909,1780.15
M014910,11322.02
M014911,614.64
M014912,459.18
M014913,1451.45
M014914,842966.68
M014915,9631.06
M014916,1211.27
M014917,705361.34
M014918,202.79
M014919,18208.41
M014920,1655.36
M014921,22083.53
M014922,1132.82
M014923,2122.07
M014924,1109.22
M014925,167.44
M014926,644.4
M014927,23752.06
M014928,152193.57
M014929,733466.81
M014930,2026.7
M014931,49.54
M014932,43200.08
M014933,1074.51
M014934,22137.0
M014935,8909.8
M014936,100.36
M014937,2320.02
M014938,70657.38
M014939,2276.57
M014940,38951.28
M014941,5479.6
M014942,971.2
M014943,19858.7
M014944,398.3
M014945,629.22
M014946,58604.59
M014947,31.7
M014948,20374.83
M014949,358626.3
M014950,588.06
M014951,28239.51
M014952,354.6
M014953,51948.08
M014954,943.69
M014955,5350.4
M014956,231.51
M014957,226266.07
M014958,5636.7
M014959,20519.47
M014960,52330.72
M014961,18744.23
M014962,34026.84
M014963,1411.82
M014964,33669.72
M014965,2801.51
M014966,150.77
M014967,148562.09
M014968,12255.45
M014969,2860.59
M014970,62255.66
M014971,185.99
M014972,156.65
M014973,601.93
M014974,19262.98
M014975,572.14
M014976,30452.08
M014977,4179.94
M014978,1525.04
M014979,5832.15
M014980,74236.14
M014981,100598.76
M014982,442.4
M014983,6133.81
M014984,7961.54
M014985,34811.28
M014986,95382.8
M014987,5989.6
M014988,657.9
M014989,18899.16
M014990,431.76
M014991,4474.02
M014992,27.61
M014993,1077.57
M014994,79.86
M014995,123837.96
M014996,12787.18
M014997,1913.34
M014998,4684.41
M014999,34862.76
M015000,15642.72
M015001,105765.86
M015002,55.14
M015003,48573.65
M015004,5916.49
M015005,533.54
M015006,9365.41
M015007,3333.25
M015008,113.2
M015009,10112.15
M015010,9752.94
M015011,1040.44
M015012,10033.72
M015013,1579.54
M015014,1955.03
M015015,344.19
M015016,35973.65
M015017,83.0
M015018,1068.56
M015019,3871.05
M015020,4679.7
M015021,2491.16
M015022,1476.89
M015023,11029.19
M015024,19692.32
M015025,740.14
M015026,1627.1
M015027,6838004.68
M015028,7005.93
M015029,982983.06
M015030,1875.19
M015031,3361.12
M015032,87.08
M015033,4433.08
M015034,673.96
M015035,121.48
M015036,3720.8
M015037,4392.37
M015038,1951.46
M015039,2754.85
M015040,98384.77
M015041,96380.02
M015042,180.65
M015043,3267.92
M015044,3970.41
M015045,45384.93
M015046,28871.48
M015047,166.64
M015048,194.19
M015049,50318.62
M015050,5486.86
M015051,2431.57
M015052,212.21
M015053,26258.69
M015054,8605.12
M015055,331792.28
M015056,1318.11
M015057,339442.57
M015058,43002.26
M015059,620.81
M015060,4078.57
M015061,1236.48
M015062,2569.13
M015063,603.36
M015064,138907.14
M015065,104.87
M015066,5507.38
M015067,2898.49
M015068,3756.54
M015069,263974.37
M015070,335.18
M015071,41.4
M015072,67600.56
M015073,5002.76
M015074,504.01
M015075,728.49
M015076,111.71
M015077,63714.03
M015078,1340.0
M015079,74759.62
M015080,4469.93
M015081,25168.75
M015082,529111.73
M015083,29364.66
M015084,138653.24
M015085,1280.55
M015086,18267.35
M015087,24886.45
M015088,2250.67
M015089,16153.75
M015090,895.25
M015091,188.57
M015092,1101.33
M015093,135.55
M015094,63916.63
M015095,225.18
M015096,334.5
M015097,33005.14
M015098,243.36
M015099,2560.43
M015100,1523.29
M015101,7551.12
M015102,58195.69
M015103,4375.01
M015104,217652.21
M015105,17861.66
M015106,2542.57
M015107,3592.76
M015108,26867.25
M015109,15228.16
M015110,332.8
M015111,2226.28
M015112,2527786.29
M015113,56631.74
M015114,4975.12
M015115,563.5
M015116,13.42
M015117,24257.17
M015118,630.59
M015119,12937.55
M015120,7493.59
M015121,36982.48
M015122,17816.19
M015123,962.04
M015124,1215.48
M015125,123243.03
M015126,88904.26
M015127,43878.29
M015128,160206.16
M015129,456.33
M015130,8521.33
M015131,80.39
M015132,6364.19
M015133,5224.81
M015134,305.03
M015135,30935.77
M015136,6885.28
M015137,3928.45
M015138,1912.76
M015139,12.84
M015140,1786.4
M015141,21024.58
M015142,70833.18
M015143,1843.89
M015144,276.57
M015145,2367.89
M015146,628.31
M015147,1370.36
M015148,51572.94
M015149,11005.07
M015150,1566.44
M015151,1131.94
M015152,37521.51
M015153,540.16
M015154,1892.19
M015155,96400.48
M015156,401070.65
M015157,109.01
M015158,247586.93
M015159,2865.94
M015160,1663.98
M015161,216.3
M015162,8315.95
M015163,708.79
M015164,3386.11
M015165,17266.91
M015166,3.39
M015167,12456.0
M015168,8975.01
M015169,6510.22
M015170,4912.73
M015171,807.33
M015172,590135.73
M015173,5904.19
M015174,4070.78
M015175,1048.69
M015176,896.8
M015177,29471.08
M015178,29605.21
M015179,22682.37
M015180,5413.37
M015181,823.47
M015182,17965.44
M015183,8363.08
M015184,228730.39
M015185,22319.55
M015186,152.49
M015187,8001.28
M015188,630.89
M015189,3823.57
M015190,2163.92
M015191,7664.03
M015192,346.46
M015193,383.32
M015194,3088.73
M015195,320.96
M015196,2352.12
M015197,86527.4
M015198,1486.03
M015199,3122.96
M015200,5483.92
M015201,128.24
M015202,7635.74
M015203,21671.95
M015204,2280.76
M015205,2371.27
M015206,115902.12
M015207,1700.5
M015208,873.65
M015209,181452.96
M015210,1649.0
M015211,15611.06
M015212,5392.75
M015213,1046.47
M015214,16910.34
M015215,40000.22
M015216,606.24
M015217,32064.67
M015218,43.06
M015219,6593.54
M015220,2231.94
M015221,12050.06
M015222,4538.3
M015223,14044.76
M015224,282.58
M015225,21.03
M015226,71306.69
M015227,880.31
M015228,22.76
M015229,14333.07
M015230,6096.4
M015231,5336.49
M015232,655.91
M015233,1674.91
M015234,403.4
M015235,10008.53
M015236,175.51
M015237,545.88
M015238,1559.27
M015239,268209.23
M015240,23990.51
M015241,136332.31
M015242,59937.45
M015243,334.23
M015244,10274.19
M015245,236486.14
M015246,1288.79
M015247,3337.52
M015248,1473.43
M015249,15496.2
M015250,8136.01
M015251,33620.26
M015252,15689.71
M015253,13497.41
M015254,896.94
M015255,804.04
M015256,3566.8
M015257,137.77
M015258,41529.5
M015259,31839.22
M015260,1574.21
M015261,11901.76
M015262,223.2
M015263,984.98
M015264,11192.4
M015265,946.06
M015266,113931.79
M015267,595.73
M015268,950.99
M015269,1737.78
M015270,12106.83
M015271,587.42
M015272,9313.61
M015273,1753.49
M015274,650.61
M015275,1118.36
M015276,156.05
M015277,78826.95
M015278,1272.02
M015279,4762.09
M015280,16706.9
M015281,4928.55
M015282,644.59
M015283,1569.35
M015284,10972.09
M015285,670.55
M015286,8001.53
M015287,6624.57
M015288,52815.51
M015289,18336.31
M015290,700707.9
M015291,1710.06
M015292,2051.61
M015293,1017.73
M015294,51062.44
M015295,23010.57
M015296,3533.68
M015297,10355.1
M015298,116251.02
M015299,4571.93
M015300,19572.81
M015301,3038.59
M015302,3793.08
M015303,25855.24
M015304,843.44
M015305,4772.47
M015306,4502.67
M015307,94058.57
M015308,1157.37
M015309,74.21
M015310,17582.17
M015311,1584.07
M015312,145023.08
M015313,28636.07
M015314,395.63
M015315,34330.95
M015316,10065.08
M015317,25701.38
M015318,54.87
M015319,7680.21
M015320,7098.5
M015321,165.15
M015322,416.05
M015323,1236.81
M015324,20025.05
M015325,11458.52
M015326,397.36
M015327,14506.27
M015328,3400.75
M015329,30142.43
M015330,374.16
M015331,947.73
M015332,29077.0
M015333,3946.82
M015334,7109.81
M015335,154233.25
M015336,735.48
M015337,3103.83
M015338,5757.26
M015339,23651.27
M015340,3218.69
M015341,1341.0
M015342,7283.73
M015343,767.96
M015344,341.23
M015345,884.84
M015346,2362.03
M015347,122785.46
M015348,221.18
M015349,6967.48
M015350,41762.23
M015351,3177.86
M015352,10040.95
M015353,530.76
M015354,3642.68
M015355,652.91
M015356,1858.25
M015357,512.49
M015358,36347.9
M015359,3614.49
M015360,37787.39
M015361,23540.15
M015362,16424.47
M015363,455.13
M015364,2256.19
M015365,6597.04
M015366,1581417.81
M015367,817.78
M015368,134489.33
M015369,4188.08
M015370,987.68
M015371,2050.92
M015372,4924.84
M015373,9712.91
M015374,233.83
M015375,6447.16
M015376,8669.4
M015377,12864.55
M015378,884.13
M015379,20884.37
M015380,140063.23
M015381,21501.19
M015382,36589.49
M015383,19290.77
M015384,750.24
M015385,7937.47
M015386,31527.76
M015387,93617.14
M015388,349.24
M015389,25608.96
M015390,327615.18
M015391,926.04
M015392,649.6
M015393,11158.65
M015394,13159.05
M015395,19.57
M015396,57425.48
M015397,1516.75
M015398,132014.89
M015399,45.29
M015400,1019.44
M015401,184691.21
M015402,28053.99
M015403,16190.68
M015404,21123.23
M015405,1593.19
M015406,156522.14
M015407,2460.27
M015408,3240.51
M015409,8868.71
M015410,30744.35
M015411,3832.24
M015412,96608.02
M015413,16942.42
M015414,176.3
M015415,3931.63
M015416,8120.84
M015417,9219.58
M015418,280.26
M015419,97924.44
M015420,6859.69
M015421,5.5
M015422,2832.44
M015423,79870.11
M015424,725.93
M015425,15449.15
M015426,7167.32
M015427,1334.28
M015428,181298.85
M015429,401.22
M015430,2812.21
M015431,140.41
M015432,8320.98
M015433,351.97
M015434,389.12
M015435,357.77
M015436,1993.8
M015437,7679.22
M015438,8.64
M015439,234.12
M015440,8923.29
M015441,178226.77
M015442,1386.34
M015443,144.82
M015444,8733.15
M015445,13.36
M015446,240.38
M015447,18080.45
M015448,20186.2
M015449,3797.53
M015450,273.49
M015451,134.83
M015452,1039.28
M015453,9516.71
M015454,15698.63
M015455,400057.18
M015456,8809.54
M015457,681.53
M015458,2824.55
M015459,15710.67
M015460,981.9
M015461,1855.16
M015462,7666.31
M015463,4498.95
M015464,31.52
M015465,9399.25
M015466,26687.28
M015467,10591.88
M015468,83670.95
M015469,602.79
M015470,5173.85
M015471,1322.15
M015472,3612.63
M015473,2961266.7
M015474,651.83
M015475,20596.24
M015476,3766.81
M015477,35462.56
M015478,48191.64
M015479,2546.03
M015480,3332.57
M015481,8264.84
M015482,649407.47
M015483,196092.9
M015484,1607.92
M015485,37695.72
M015486,42236.02
M015487,182020.9
M015488,437.27
M015489,4571.86
M015490,1030.84
M015491,185116.31
M015492,127.07
M015493,2280.43
M015494,29099.45
M015495,54.57
M015496,60096.13
M015497,3518.41
M015498,22339.78
M015499,3559.98
M015500,233327.31
M015501,105434.04
M015502,7290.2
M015503,9473.98
M015504,15663.72
M015505,1855.81
M015506,5050.9
M015507,220950.34
M015508,326361.7
M015509,254.9
M015510,18620.27
M015511,10328.67
M015512,12540.35
M015513,22874.13
M015514,50370.84
M015515,2459.16
M015516,6887.23
M015517,6546.77
M015518,1135672.82
M015519,1734.23
M015520,4820.15
M015521,4137.91
M015522,479.25
M015523,5436.51
M015524,405.55
M015525,14912.1
M015526,58.89
M015527,6843.44
M015528,8888.97
M015529,2791.39
M015530,20210.15
M015531,68.03
M015532,20167.89
M015533,13253.24
M015534,148785.45
M015535,7945.85
M015536,782.01
M015537,21.78
M015538,3585.51
M015539,121.63
M015540,32110.85
M015541,1576.54
M015542,216564.24
M015543,16941.34
M015544,19038.81
M015545,9394.24
M015546,937.37
M015547,3971.47
M015548,24228.01
M015549,11675.23
M015550,29491.63
M015551,11791.73
M015552,403.25
M015553,1099.94
M015554,73890.09
M015555,16396.98
M015556,38080.58
M015557,17495.54
M015558,5697.35
M015559,6569.06
M015560,235848.07
M015561,3258.55
M015562,13163.49
M015563,5592.02
M015564,10781.58
M015565,2781.56
M015566,70.46
M015567,9201.75
M015568,7699.04
M015569,21373.42
M015570,44151.55
M015571,2143.93
M015572,80.98
M015573,19245.02
M015574,330.82
M015575,944969.3
M015576,16823.5
M015577,19289.64
M015578,163.03
M015579,752.07
M015580,1315.22
M015581,1947.05
M015582,57302.01
M015583,4849.13
M015584,34.88
M015585,20673.26
M015586,1178.55
M015587,4312.06
M015588,21373.17
M015589,731.96
M015590,130.46
M015591,17732.35
M015592,44825.88
M015593,8781.52
M015594,5074.17
M015595,4341.97
M015596,2367.44
M015597,28269.39
M015598,1070.23
M015599,112.39
M015600,1593.2
M015601,4019.59
M015602,7836.31
M015603,7860.15
M015604,175.89
M015605,409.76
M015606,1424.84
M015607,266425.76
M015608,2202.84
M015609,1546.47
M015610,221.68
M015611,1316.73
M015612,75.55
M015613,21409.69
M015614,2826.21
M015615,135.49
M015616,2303.87
M015617,580.65
M015618,4.75
M015619,154.52
M015620,647.23
M015621,766.58
M015622,87.52
M015623,214.64
M015624,470.52
M015625,138.63
M015626,168.71
M015627,189.09
M015628,618.19
M015629,924.83
M015630,167.08
M015631,9361.48
M015632,19801.09
M015633,429.43
M015634,7218.9
M015635,1374.82
M015636,30.38
M015637,465592.97
M015638,24827.74
M015639,765.41
M015640,17789.26
M015641,892.85
M015642,88.19
M015643,123453.3
M015644,516.51
M015645,32537.79
M015646,8673.71
M015647,242588.28
M015648,872.19
M015649,324.63
M015650,132845.12
M015651,440.58
M015652,101568.21
M015653,13394.94
M015654,15900.6
M015655,294865.94
M015656,2277.03
M015657,81090.26
M015658,5557.37
M015659,338.12
M015660,2437.06
M015661,4871.17
M015662,26591.45
M015663,1285.79
M015664,1279.26
M015665,184.72
M015666,267.62
M015667,477.51
M015668,31649.8
M015669,30448.61
M015670,52406.2
M015671,8115.58
M015672,1880.48
M015673,2846.36
M015674,194907.55
M015675,8903.54
M015676,215808.93
M015677,12594.21
M015678,641.42
M015679,94244.63
M015680,202.92
M015681,1126.11
M015682,2821.35
M015683,1030.49
M015684,99015.62
M015685,127.04
M015686,14901.76
M015687,15353.75
M015688,7150.68
M015689,1947.49
M015690,13362.05
M015691,20406.55
M015692,5256.71
M015693,35926.67
M015694,220320.01
M015695,3567.37
M015696,3967.21
M015697,8.79
M015698,4065.86
M015699,1153.84
M015700,1912.75
M015701,396.21
M015702,8.93
M015703,17057.89
M015704,33.72
M015705,139.95
M015706,290.33
M015707,984.24
M015708,6229.47
M015709,4353.66
M015710,13917.63
M015711,15.47
M015712,1282.9
M015713,188944.34
M015714,17802.96
M015715,550363.75
M015716,7697.52
M015717,19598.76
M015718,12493.31
M015719,2719.53
M015720,22547.77
M015721,4164.37
M015722,18391.21
M015723,2060.39
M015724,106.96
M015725,1718.14
M015726,4615.69
M015727,5991.08
M015728,23479.91
M015729,505.71
M015730,23092.92
M015731,12684.55
M015732,90201.48
M015733,98.05
M015734,2570.9
M015735,379.06
M015736,6281.18
M015737,950.89
M015738,171.82
M015739,542.23
M015740,66226.84
M015741,8040.06
M015742,4941.3
M015743,2281.94
M015744,4023.96
M015745,6618.63
M015746,714.56
M015747,61.87
M015748,87384.63
M015749,607.88
M015750,22766.52
M015751,628.51
M015752,44428.98
M015753,61546.41
M015754,4116.44
M015755,150.86
M015756,1293.45
M015757,28447.04
M015758,21470.76
M015759,766.67
M015760,17817.15
M015761,182.18
M015762,47967.13
M015763,13443.93
M015764,170.02
M015765,5704.02
M015766,1353.09
M015767,6794.18
M015768,148101.45
M015769,2085.52
M015770,21784.59
M015771,35080.99
M015772,251.78
M015773,36019.11
M015774,4326.97
M015775,12976.84
M015776,13699.49
M015777,2506.21
M015778,6019.38
M015779,576.48
M015780,289349.31
M015781,740.52
M015782,66.85
M015783,125.1
M015784,421.48
M015785,5626.29
M015786,15227.81
M015787,388.73
M015788,36.71
M015789,246612.76
M015790,2881.34
M015791,791497.07
M015792,213.15
M015793,70648.68
M015794,4421.52
M015795,5722.24
M015796,920.95
M015797,661.74
M015798,4338.43
M015799,1018.14
M015800,103.2
M015801,1450.87
M015802,18540.05
M015803,230574.04
M015804,394.66
M015805,15240.48
M015806,5037.63
M015807,137237.19
M015808,17080.81
M015809,296.19
M015810,52514.78
M015811,10033.32
M015812,211.12
M015813,2164.69
M015814,2701.69
M015815,1288.97
M015816,11908.15
M015817,5083.2
M015818,9251.86
M015819,518.3
M015820,70520.88
M015821,13314.75
M015822,101556.01
M015823,20568.33
M015824,28852.82
M015825,40.32
M015826,516.11
M015827,1240.02
M015828,2646.54
M015829,5347.35
M015830,1948.98
M015831,4328.21
M015832,18744.81
M015833,1740799.75
M015834,284.6
M015835,467.66
M015836,23597.05
M015837,44729.67
M015838,1046.37
M015839,426.73
M015840,35462.4
M015841,67832.92
M015842,1987.46
M015843,79686.15
M015844,3111.16
M015845,7748.73
M015846,71756.75
M015847,11386.18
M015848,7200.0
M015849,10272.78
M015850,1510.1
M015851,23190.55
M015852,294804.23
M015853,60180.22
M015854,27058.12
M015855,5912.93
M015856,152802.06
M015857,2437.41
M015858,1724.33
M015859,13315.37
M015860,713.59
M015861,2969.92
M015862,552705.39
M015863,15080.72
M015864,52707.07
M015865,1615.58
M015866,2854.98
M015867,60642.03
M015868,3417.86
M015869,3350.15
M015870,4280.11
M015871,5643.84
M015872,5069.38
M015873,24185.7
M015874,39678.23
M015875,152.89
M015876,7020.09
M015877,772.7
M015878,1713.29
M015879,7433.54
M015880,35991.66
M015881,35755.62
M015882,235.7
M015883,42878.4
M015884,8733.39
M015885,1836.49
M015886,14007.35
M015887,124.69
M015888,66.72
M015889,37305.75
M015890,124.86
M015891,18111.76
M015892,1958.71
M015893,2590.58
M015894,84286.18
M015895,853.75
M015896,17.58
M015897,678.36
M015898,227.97
M015899,67.87
M015900,10164.3
M015901,21.25
M015902,74620.99
M015903,694.41
M015904,9030.46
M015905,3359.53
M015906,5928.63
M015907,30009.8
M015908,32835.77
M015909,47071.4
M015910,71471.42
M015911,1180.66
M015912,252618.07
M015913,8280.7
M015914,3104.31
M015915,77620.71
M015916,2820.7
M015917,228.85
M015918,677.71
M015919,2292.17
M015920,23564.21
M015921,2008.8
M015922,13409.49
M015923,1056.22
M015924,24534.59
M015925,1005.13
M015926,7068.44
M015927,32.96
M015928,9976.1
M015929,52227.59
M015930,559.78
M015931,451.35
M015932,19909.19
M015933,550.12
M015934,1090.6
M015935,397.9
M015936,53643.5
M015937,31497.61
M015938,64356.81
M015939,1640.22
M015940,85530.31
M015941,151.27
M015942,53.07
M015943,36406.98
M015944,73523.2
M015945,303.41
M015946,7037.65
M015947,1582.23
M015948,20615.78
M015949,7019.43
M015950,36509.15
M015951,1228.66
M015952,3025.31
M015953,948.72
M015954,1030.88
M015955,11640.36
M015956,23213.43
M015957,32367.3
M015958,14994.65
M015959,69762.34
M015960,139.97
M015961,33.81
M015962,5852.2
M015963,7756.1
M015964,8233.86
M015965,617.76
M015966,35025.46
M015967,9167.3
M015968,188.81
M015969,902.69
M015970,1480.71
M015971,14413.16
M015972,17247.2
M015973,2842.67
M015974,13946.53
M015975,2570.38
M015976,129.27
M015977,5857.89
M015978,13618.02
M015979,307.88
M015980,268.68
M015981,4094.46
M015982,2572.28
M015983,86118.28
M015984,33647.82
M015985,1759.57
M015986,43808.58
M015987,24952.51
M015988,1901.51
M015989,256.59
M015990,132.81
M015991,227.29
M015992,35894.6
M015993,6729.66
M015994,4462.83
M015995,18442.84
M015996,1086.89
M015997,136237.82
M015998,2240.67
M015999,989.45
M016000,409.36
M016001,10048.53
M016002,6526.96
M016003,143203.09
M016004,5603.8
M016005,6928.21
M016006,18117.06
M016007,796.29
M016008,350.83
M016009,6996.72
M016010,1730.28
M016011,215.6
M016012,1175.13
M016013,25747.91
M016014,13012.53
M016015,56727.43
M016016,33932.3
M016017,1495.89
M016018,32299.33
M016019,43020.24
M016020,45243.67
M016021,19484.62
M016022,3309.75
M016023,3135.99
M016024,12612.67
M016025,263.74
M016026,6734.6
M016027,5733.64
M016028,2690.67
M016029,1005.13
M016030,3610.78
M016031,43.87
M016032,169028.91
M016033,4743.88
M016034,10633.11
M016035,22178.38
M016036,4833.01
M016037,305.58
M016038,1007.92
M016039,9664.54
M016040,1265.99
M016041,53288.68
M016042,404.98
M016043,2916.2
M016044,21994.74
M016045,3074.46
M016046,64.03
M016047,13565.83
M016048,20437.16
M016049,210.69
M016050,4490.32
M016051,56412.77
M016052,15487.28
M016053,9152.55
M016054,1323.59
M016055,5759.04
M016056,274.0
M016057,363.92
M016058,573.15
M016059,3335.55
M016060,206.44
M016061,1634.21
M016062,4103.46
M016063,233586.76
M016064,1761.46
M016065,12251.69
M016066,225.24
M016067,53268.68
M016068,7453.21
M016069,857342.18
M016070,24216.75
M016071,3817.9
M016072,920.61
M016073,23773.86
M016074,9074.79
M016075,7430.36
M016076,8661.52
M016077,1425.27
M016078,1183.48
M016079,592.68
M016080,150.36
M016081,309.74
M016082,3131.37
M016083,317.14
M016084,19330.98
M016085,480546.05
M016086,174.61
M016087,3843.24
M016088,1107863.64
M016089,132026.29
M016090,2800.21
M016091,7580.81
M016092,35700.8
M016093,7062.22
M016094,100.92
M016095,10031.06
M016096,334264.32
M016097,12345.22
M016098,71.04
M016099,29124.04
M016100,2002.7
M016101,279.7
M016102,6937.68
M016103,480.44
M016104,13915.82
M016105,77239.84
M016106,615.18
M016107,11950.38
M016108,3697.92
M016109,4990.17
M016110,2830.7
M016111,28202.24
M016112,354.88
M016113,523.07
M016114,4855.48
M016115,18583.49
M016116,7678.92
M016117,150329.65
M016118,3624.51
M016119,280.89
M016120,2539.59
M016121,3949.2
M016122,11080.89
M016123,53189.3
M016124,8069.14
M016125,1007.13
M016126,30.64
M016127,98664.78
M016128,4724.22
M016129,50027.79
M016130,266.67
M016131,70027.61
M016132,2656.18
M016133,484425.28
M016134,1515.04
M016135,124.46
M016136,1583.13
M016137,191.49
M016138,1712.31
M016139,929.01
M016140,182.88
M016141,989.37
M016142,10901.25
M016143,226.57
M016144,7864.79
M016145,1398.22
M016146,236.8
M016147,138.2
M016148,135.66
M016149,936.22
M016150,35.4
M016151,19462.93
M016152,3348.86
M016153,7213.25
M016154,2343.89
M016155,7181.84
M016156,510335.12
M016157,6630.81
M016158,534.13
M016159,1256.41
M016160,39581.27
M016161,3520.73
M016162,2404.8
M016163,656195.59
M016164,36364.32
M016165,39917.16
M016166,1324.03
M016167,75.99
M016168,4025.49
M016169,697.83
M016170,600.52
M016171,71052.73
M016172,1117.28
M016173,1478.71
M016174,15908.58
M016175,5125.57
M016176,2204.24
M016177,3917.53
M016178,41019.62
M016179,421.57
M016180,5238.2
M016181,20266.12
M016182,840.32
M016183,6823.14
M016184,321738.23
M016185,26457.67
M016186,782.6
M016187,1162.52
M016188,3233.47
M016189,18322.53
M016190,988.49
M016191,1540.04
M016192,122.83
M016193,1014.09
M016194,17195.79
M016195,24890.28
M016196,18593.79
M016197,31450.25
M016198,3992.58
M016199,1301.61
M016200,8.24
M016201,732.11
M016202,7061.8
M016203,1142.01
M016204,20628.27
M016205,15036.19
M016206,1553.45
M016207,1531.54
M016208,174943.74
M016209,2840.0
M016210,14294.4
M016211,3321314.61
M016212,51485.25
M016213,374.61
M016214,3446.08
M016215,110646.08
M016216,103.74
M016217,46356.85
M016218,982.94
M016219,145050.57
M016220,100635.48
M016221,95613.03
M016222,18907.08
M016223,12214.77
M016224,15397.82
M016225,139071.52
M016226,18709.65
M016227,1532.25
M016228,2775.93
M016229,10147.2
M016230,117215.72
M016231,1037.33
M016232,857.64
M016233,3045339.37
M016234,5612.98
M016235,16438.97
M016236,630.96
M016237,1325.82
M016238,1984.74
M016239,14553.11
M016240,134391.53
M016241,7084.58
M016242,4609.9
M016243,628.81
M016244,126472.22
M016245,285806.25
M016246,3044.94
M016247,3473.38
M016248,58241.14
M016249,72.5
M016250,468.75
M016251,62476.48
M016252,125583.64
M016253,94484.57
M016254,350.6
M016255,42150.75
M016256,2085.64
M016257,4052.75
M016258,4835.89
M016259,2672.36
M016260,2639.47
M016261,167.71
M016262,554.49
M016263,181104.81
M016264,32638.51
M016265,245796.18
M016266,62236.79
M016267,4809.09
M016268,1710.09
M016269,146.55
M016270,1964.1
M016271,1160.94
M016272,154765.91
M016273,2838.69
M016274,109.2
M016275,2158.67
M016276,1644.9
M016277,8024.72
M016278,65427.1
M016279,134.82
M016280,46522.72
M016281,1824164.6
M016282,24852.11
M016283,23531.4
M016284,1155.64
M016285,379.64
M016286,4710.71
M016287,39740.36
M016288,15604.06
M016289,2.95
M016290,4038.85
M016291,37335.61
M016292,2056.24
M016293,1688.41
M016294,1146.75
M016295,35521.97
M016296,474.94
M016297,4299.03
M016298,296.93
M016299,152.83
M016300,12370.69
M016301,23357.56
M016302,2029.59
M016303,30763.01
M016304,2078.15
M016305,12431.15
M016306,2990.5
M016307,52015.12
M016308,7950.35
M016309,374.95
M016310,9710.87
M016311,5002.59
M016312,59.35
M016313,2751.43
M016314,17108.28
M016315,21578.04
M016316,33156.11
M016317,214.77
M016318,13132.09
M016319,1186.24
M016320,249.45
M016321,277.57
M016322,7361.05
M016323,16.07
M016324,793.43
M016325,2409.48
M016326,16174.88
M016327,1218.78
M016328,27436.94
M016329,388.72
M016330,1664.44
M016331,3673.16
M016332,444962.41
M016333,28824.9
M016334,26605.82
M016335,12104.93
M016336,15401.9
M016337,2396.55
M016338,4.83
M016339,5338.31
M016340,65561.72
M016341,53442.91
M016342,216.02
M016343,6608.16
M016344,873.59
M016345,73502.31
M016346,338.71
M016347,3591.37
M016348,357.15
M016349,1876.0
M016350,15336.51
M016351,109.89
M016352,6831.77
M016353,7181.67
M016354,1478.37
M016355,8700.81
M016356,7530.38
M016357,21413.94
M016358,83858.74
M016359,10612.38
M016360,10272.78
M016361,5917.24
M016362,7455.16
M016363,2627.12
M016364,3902.62
M016365,83286.69
M016366,3116.35
M016367,1079.78
M016368,66935.82
M016369,908.25
M016370,125252.5
M016371,206.81
M016372,260090.18
M016373,110.62
M016374,28942.39
M016375,1345.09
M016376,2481.27
M016377,1650.2
M016378,14871.36
M016379,811.45
M016380,1210.64
M016381,76.07
M016382,70822.88
M016383,61.62
M016384,3614.84
M016385,5648.27
M016386,1345.88
M016387,266606.17
M016388,40036.57
M016389,986027.99
M016390,17338.38
M016391,3170.98
M016392,686.49
M016393,7290.12
M016394,3543.75
M016395,106829.02
M016396,97.77
M016397,72.27
M016398,3664.27
M016399,955.6
M016400,462.03
M016401,154.62
M016402,640.91
M016403,15135.0
M016404,13429.78
M016405,23024.7
M016406,10893.56
M016407,1660.7
M016408,15859.52
M016409,14657.61
M016410,2795.11
M016411,20627.78
M016412,1030.35
M016413,522.59
M016414,1320.67
M016415,27172.95
M016416,507569.14
M016417,339.23
M016418,27039.68
M016419,95943.9
M016420,12223.35
M016421,4355.73
M016422,482.69
M016423,29585.87
M016424,337.29
M016425,326.5
M016426,1309.12
M016427,9.73
M016428,525.76
M016429,2945.1
M016430,1715.91
M016431,4608.92
M016432,151130.41
M016433,1239.89
M016434,12229.46
M016435,482.49
M016436,2224.76
M016437,1779.58
M016438,13396.41
M016439,10.2
M016440,14766.03
M016441,2123.52
M016442,178084.02
M016443,77.04
M016444,16373.1
M016445,13130.54
M016446,569.11
M016447,12.3
M016448,25.14
M016449,2643.42
M016450,350.78
M016451,13947.82
M016452,134.75
M016453,224.01
M016454,13969.55
M016455,20657.95
M016456,562.27
M016457,107.0
M016458,3862.14
M016459,499643.82
M016460,276.36
M016461,7253.4
M016462,15466.8
M016463,19312.02
M016464,26852.79
M016465,216.29
M016466,7214.9
M016467,10866.34
M016468,680.32
M016469,932.11
M016470,80793.63
M016471,337887.16
M016472,1362.69
M016473,5759.25
M016474,3734.58
M016475,144.57
M016476,3690.7
M016477,3856.45
M016478,10380.31
M016479,3897.77
M016480,7195.22
M016481,12052.46
M016482,12119.07
M016483,347.23
M016484,1012.33
M016485,731.83
M016486,37749.84
M016487,12311.62
M016488,841.52
M016489,302.94
M016490,67466.53
M016491,1120.67
M016492,669.55
M016493,301.6
M016494,135049.94
M016495,1207.73
M016496,531.3
M016497,1170.31
M016498,39426.16
M016499,14504.68
M016500,2575.88
M016501,1223.42
M016502,19.34
M016503,114940.43
M016504,138952.89
M016505,80490.18
M016506,5132.31
M016507,1094.37
M016508,8900.58
M016509,5216.07
M016510,15527.19
M016511,1389.01
M016512,105222.19
M016513,54.4
M016514,202713.29
M016515,6011.02
M016516,363.27
M016517,1706.74
M016518,7495.96
M016519,288.19
M016520,95.02
M016521,2821.97
M016522,18322.78
M016523,2184.08
M016524,28077.51
M016525,9768.19
M016526,2547723.86
M016527,37438.24
M016528,7.59
M016529,44911.58
M016530,507.59
M016531,30541.74
M016532,1033.56
M016533,708.36
M016534,2375.29
M016535,2983.37
M016536,9225.26
M016537,57.1
M016538,16957.7
M016539,244.03
M016540,617.53
M016541,39000.13
M016542,2690.62
M016543,1995.94
M016544,36.89
M016545,2028.32
M016546,2396.09
M016547,2750.53
M016548,20.84
M016549,26280.18
M016550,18339.65
M016551,7556.41
M016552,1636.69
M016553,72.04
M016554,3083.35
M016555,2473.59
M016556,1895.78
M016557,14715.05
M016558,46.66
M016559,344487.55
M016560,0.87
M016561,11255.84
M016562,4822.4
M016563,1119.7
M016564,648.03
M016565,321319.27
M016566,27348.11
M016567,140.42
M016568,360.03
M016569,59228.56
M016570,1268.01
M016571,219932.67
M016572,27079.9
M016573,4623.13
M016574,142.84
M016575,908.83
M016576,255.21
M016577,11412.68
M016578,956.86
M016579,12611.8
M016580,33284.14
M016581,252938.26
M016582,189.47
M016583,282363.08
M016584,14762.64
M016585,3702.56
M016586,536465.48
M016587,11056.72
M016588,114652.36
M016589,9207.33
M016590,215016.77
M016591,50161.93
M016592,413431.03
M016593,10147.6
M016594,1957.82
M016595,3166.24
M016596,11467.89
M016597,9104.75
M016598,202.49
M016599,185035.23
M016600,3610.44
M016601,16483.59
M016602,112477.01
M016603,106077.55
M016604,1345.01
M016605,523.82
M016606,20400.74
M016607,3877.45
M016608,1883.45
M016609,211.23
M016610,9010.23
M016611,50.05
M016612,4105.51
M016613,115453.79
M016614,552.19
M016615,17040.03
M016616,134693.14
M016617,4852.32
M016618,3521.35
M016619,28881.45
M016620,9643.34
M016621,337.28
M016622,1334.01
M016623,44945.05
M016624,61885.03
M016625,20434.57
M016626,233853.67
M016627,4427623.48
M016628,898.72
M016629,53901.06
M016630,221.96
M016631,2217.41
M016632,3313.42
M016633,102620.18
M016634,4387.37
M016635,78367.62
M016636,1289.44
M016637,91.9
M016638,35.0
M016639,674.51
M016640,22893.86
M016641,62464.62
M016642,989.61
M016643,7923.18
M016644,818631.53
M016645,2177221.92
M016646,33013.7
M016647,6005.05
M016648,34.98
M016649,50100.06
M016650,33376.14
M016651,174065.02
M016652,52.73
M016653,58678.85
M016654,1037.93
M016655,9796.96
M016656,17865.43
M016657,21268.1
M016658,94933.36
M016659,23.7
M016660,72418.39
M016661,12138.81
M016662,1317.45
M016663,4325.56
M016664,690.73
M016665,6391.39
M016666,12823.45
M016667,136352.71
M016668,59293.77
M016669,9024.24
M016670,81413.48
M016671,107297.71
M016672,3482.35
M016673,143769.6
M016674,366.82
M016675,272.0
M016676,9896.62
M016677,1041177.73
M016678,409.34
M016679,77024.25
M016680,7013.84
M016681,38145.33
M016682,4186.91
M016683,1358.3
M016684,147.02
M016685,14284.53
M016686,7382.65
M016687,8668.38
M016688,6352.77
M016689,7430.03
M016690,26860.47
M016691,15294.28
M016692,11238.53
M016693,1561.64
M016694,145508.82
M016695,676.23
M016696,3764.99
M016697,59239.47
M016698,1358.79
M016699,210.9
M016700,1879.51
M016701,117576.52
M016702,22854.29
M016703,96016.54
M016704,276527.37
M016705,179759.88
M016706,19893.23
M016707,328372.47
M016708,66575.78
M016709,114040.08
M016710,6527.42
M016711,11217.39
M016712,7111.68
M016713,92.58
M016714,15609.21
M016715,63911.16
M016716,31311.33
M016717,14021.12
M016718,6876.02
M016719,1103.74
M016720,3641.77
M016721,83.95
M016722,5271.58
M016723,1800.58
M016724,1981.37
M016725,3206.34
M016726,3468.78
M016727,6366.73
M016728,38030.93
M016729,1784.68
M016730,11135.08
M016731,44609.22
M016732,4623.18
M016733,17660.16
M016734,4770.21
M016735,10987.59
M016736,3378.25
M016737,4193.31
M016738,272001.51
M016739,8347.48
M016740,4744.7
M016741,12814.0
M016742,19551.78
M016743,38.97
M016744,1545.16
M016745,9993.44
M016746,4789.24
M016747,84.62
M016748,13113.24
M016749,1923.74
M016750,11649.84
M016751,218.85
M016752,33989.79
M016753,8939.07
M016754,2406.19
M016755,2574.24
M016756,13107.6
M016757,22053.44
M016758,289.36
M016759,315597.4
M016760,1825.37
M016761,1282.29
M016762,49426.8
M016763,364.92
M016764,26546.62
M016765,52.89
M016766,332.25
M016767,2334.11
M016768,2591.2
M016769,896.72
M016770,3827.36
M016771,356.13
M016772,3352.34
M016773,74183.98
M016774,1221.12
M016775,974.32
M016776,3534.44
M016777,356.24
M016778,8882.72
M016779,1025.76
M016780,15399.61
M016781,12281.54
M016782,6627.32
M016783,4651.78
M016784,10738.31
M016785,25774.82
M016786,979.69
M016787,10533.4
M016788,2320.11
M016789,9933.95
M016790,1248.41
M016791,16614.67
M016792,1916.66
M016793,24391.51
M016794,731.97
M016795,19118.27
M016796,3088.61
M016797,492.75
M016798,15852.05
M016799,3606.31
M016800,1245.51
M016801,79776.51
M016802,15740.36
M016803,114.11
M016804,8155.96
M016805,341.2
M016806,90087.36
M016807,153.29
M016808,2429.18
M016809,762.75
M016810,2017.29
M016811,2411.9
M016812,4442.65
M016813,194738.09
M016814,91.62
M016815,44449.88
M016816,52127.95
M016817,1429.03
M016818,141.55
M016819,83314.09
M016820,6482.67
M016821,853.19
M016822,844.87
M016823,2279.56
M016824,299746.43
M016825,377.93
M016826,3892.39
M016827,3600.82
M016828,18683.47
M016829,10189.55
M016830,3400.23
M016831,10890.54
M016832,47452.39
M016833,14683.12
M016834,3881.61
M016835,17.48
M016836,596.58
M016837,217526.58
M016838,2510.76
M016839,700.32
M016840,3587.04
M016841,13569.42
M016842,3673.87
M016843,953.33
M016844,161.19
M016845,239.64
M016846,2310.5
M016847,3776.43
M016848,160.0
M016849,16282.21
M016850,682.12
M016851,3661.8
M016852,2428.38
M016853,11396.37
M016854,128.9
M016855,226.22
M016856,19.5
M016857,109.35
M016858,2171.23
M016859,567.96
M016860,57763.63
M016861,101.4
M016862,997.01
M016863,2983.6
M016864,23265.71
M016865,231.13
M016866,113.58
M016867,116.1
M016868,193.69
M016869,5485.66
M016870,64023.72
M016871,4675.8
M016872,13842.14
M016873,488.59
M016874,156.46
M016875,8151.69
M016876,906.97
M016877,444.47
M016878,85.18
M016879,1739.49
M016880,134.49
M016881,254.96
M016882,6776.46
M016883,16137.2
M016884,11611.86
M016885,34213.67
M016886,42268.56
M016887,409112.67
M016888,212386.27
M016889,115823.66
M016890,553930.64
M016891,37591.03
M016892,11639.5
M016893,1906.89
M016894,8660.71
M016895,269.67
M016896,1582.89
M016897,9908.43
M016898,3585.34
M016899,845.73
M016900,83.99
M016901,4174.46
M016902,2619.39
M016903,247.34
M016904,242754.32
M016905,184.76
M016906,135908.5
M016907,4944.5
M016908,32270.89
M016909,42100.13
M016910,21756.89
M016911,12922.03
M016912,996.87
M016913,593.82
M016914,178.2
M016915,6853.81
M016916,22751.49
M016917,87836.22
M016918,368.46
M016919,60880.24
M016920,37356.81
M016921,7137.39
M016922,4135.23
M016923,763.84
M016924,36747.97
M016925,3151.26
M016926,6186.54
M016927,25086.51
M016928,491.14
M016929,6536.45
M016930,42391.04
M016931,166.09
M016932,2380.48
M016933,1455.86
M016934,487.57
M016935,612124.38
M016936,381.25
M016937,489.15
M016938,858.54
M016939,55080.75
M016940,104501.9
M016941,42292.34
M016942,196.0
M016943,14257.56
M016944,769.68
M016945,8630.91
M016946,37558.13
M016947,13004.6
M016948,42471.98
M016949,141.3
M016950,15541.54
M016951,3584.62
M016952,4009.31
M016953,248.81
M016954,59902.85
M016955,263.53
M016956,888.68
M016957,1339.69
M016958,1708.89
M016959,42084.38
M016960,20.43
M016961,31163.11
M016962,1480.94
M016963,208586.98
M016964,17336.38
M016965,617.51
M016966,969.97
M016967,46402.49
M016968,1526.53
M016969,3553.54
M016970,139441.99
M016971,251.59
M016972,6691.06
M016973,717.6
M016974,1149.28
M016975,97848.92
M016976,1976.86
M016977,101.88
M016978,2454.44
M016979,1118.47
M016980,3077.34
M016981,16326.3
M016982,464.81
M016983,32088.03
M016984,7672.62
M016985,465653.22
M016986,830.86
M016987,715.52
M016988,2837.64
M016989,2201.66
M016990,157539.6
M016991,1184.77
M016992,25141.31
M016993,973.88
M016994,4037.51
M016995,27.26
M016996,6030.16
M016997,9294.94
M016998,431.75
M016999,4455.46
M017000,3166.18
M017001,4324.37
M017002,200976.65
M017003,2226.11
M017004,4974.78
M017005,30960.57
M017006,256.78
M017007,1808.9
M017008,8500.06
M017009,8743.76
M017010,416093.52
M017011,15950.2
M017012,1067.22
M017013,2776.8
M017014,6202.24
M017015,976.22
M017016,3401.67
M017017,679.99
M017018,487.89
M017019,2796.58
M017020,109.88
M017021,11233.75
M017022,132274.37
M017023,772738.81
M017024,805.74
M017025,25246.34
M017026,56.1
M017027,10.56
M017028,84.92
M017029,32147.83
M017030,50153.37
M017031,320.65
M017032,414.42
M017033,93.77
M017034,1570.43
M017035,4542.58
M017036,35401.99
M017037,16085.79
M017038,41659.51
M017039,99888.43
M017040,17705.54
M017041,1528.36
M017042,4447.48
M017043,20062.49
M017044,55347.37
M017045,5810.05
M017046,16076.1
M017047,61.64
M017048,309.99
M017049,1616.78
M017050,468.77
M017051,26796.47
M017052,73461.27
M017053,14062.68
M017054,433.38
M017055,11659.35
M017056,62.57
M017057,65.0
M017058,271.81
M017059,1403.46
M017060,279.14
M017061,10325.44
M017062,11431.65
M017063,61923.25
M017064,585344.97
M017065,182745.74
M017066,49284.02
M017067,1258.64
M017068,27642.54
M017069,88243.52
M017070,87401.23
M017071,1713.6
M017072,1993.54
M017073,16222.41
M017074,579.84
M017075,2636.35
M017076,88.54
M017077,14547.29
M017078,17379.73
M017079,3315.26
M017080,128549.49
M017081,1605.08
M017082,3864.18
M017083,7027.05
M017084,15979.9
M017085,681.11
M017086,1957.53
M017087,116485.66
M017088,18244.65
M017089,904.98
M017090,330.64
M017091,30890.78
M017092,765.68
M017093,14269.48
M017094,2137.2
M017095,8392.19
M017096,1420.18
M017097,186.24
M017098,1050.74
M017099,3637.88
M017100,8186.24
M017101,338.83
M017102,4563.46
M017103,27412.71
M017104,109629.06
M017105,1266.15
M017106,65574.59
M017107,11664.37
M017108,735.25
M017109,885.82
M017110,250.78
M017111,38662.95
M017112,7618.46
M017113,95671.21
M017114,7517.71
M017115,12184.62
M017116,443.63
M017117,1054.38
M017118,565.35
M017119,505.48
M017120,12163.05
M017121,2405.79
M017122,49603.38
M017123,4700.5
M017124,9528.82
M017125,4382.52
M017126,1678.95
M017127,3366.07
M017128,3230.41
M017129,278.8
M017130,292.58
M017131,11521.4
M017132,1727.65
M017133,14941.87
M017134,5107.02
M017135,722.32
M017136,6061.56
M017137,282.94
M017138,389.91
M017139,621.39
M017140,127.83
M017141,4050.82
M017142,241.49
M017143,2110.39
M017144,1410.29
M017145,31654.22
M017146,1462.84
M017147,1766.55
M017148,183.63
M017149,57.46
M017150,50098.83
M017151,2093.86
M017152,8316.65
M017153,36591.2
M017154,4524.35
M017155,6100.54
M017156,4524.53
M017157,9.28
M017158,11.31
M017159,74571.85
M017160,188473.8
M017161,41210.74
M017162,3184.89
M017163,8616.71
M017164,327.15
M017165,11888.39
M017166,1275.47
M017167,6726.32
M017168,101141.7
M017169,17.89
M017170,27984.07
M017171,2094.74
M017172,11657.44
M017173,11822.06
M017174,33190.86
M017175,4128.62
M017176,9061.94
M017177,25858.37
M017178,354.13
M017179,12520.0
M017180,18738.49
M017181,22949.46
M017182,502.21
M017183,18499.54
M017184,53130.56
M017185,169188.74
M017186,86889.01
M017187,142142.22
M017188,23774.45
M017189,146659.88
M017190,9228.9
M017191,5281.74
M017192,1204.02
M017193,20326.15
M017194,186837.58
M017195,882.23
M017196,122.79
M017197,46080.53
M017198,17580.87
M017199,3556.66
M017200,120.88
M017201,15372.59
M017202,438.85
M017203,168.99
M017204,100656.63
M017205,1643.09
M017206,1359.37
M017207,98.33
M017208,12915.97
M017209,80086.44
M017210,1928.85
M017211,5468.52
M017212,51835.02
M017213,2373.06
M017214,6049.07
M017215,4188.93
M017216,4619.18
M017217,21295.97
M017218,40.48
M017219,68.49
M017220,38.11
M017221,8186.34
M017222,22050.66
M017223,913.23
M017224,46660.18
M017225,27318.33
M017226,97537.76
M017227,3068.87
M017228,174.48
M017229,784.94
M017230,28140.54
M017231,1335.72
M017232,1529.75
M017233,1488.86
M017234,278.22
M017235,3926.73
M017236,5716.24
M017237,1123.16
M017238,24810.31
M017239,3481.79
M017240,1295.18
M017241,10261.4
M017242,420.05
M017243,9702.79
M017244,10622.02
M017245,4776.2
M017246,13365.3
M017247,59551.3
M017248,1732.85
M017249,95963.29
M017250,1572.9
M017251,18130.18
M017252,141815.01
M017253,701.19
M017254,206.0
M017255,6927.1
M017256,5268.23
M017257,5292.01
M017258,1726.0
M017259,929.19
M017260,1775.9
M017261,2698.19
M017262,22795.82
M017263,31046.29
M017264,99.83
M017265,6513.93
M017266,24853.96
M017267,15.24
M017268,195.98
M017269,79360.34
M017270,72.1
M017271,646.52
M017272,2285.91
M017273,1067.67
M017274,252.44
M017275,2312.74
M017276,88011.65
M017277,202.56
M017278,76578.3
M017279,1199.48
M017280,596.06
M017281,3782.85
M017282,70.29
M017283,2873.03
M017284,371.74
M017285,511.09
M017286,14846.35
M017287,4092.43
M017288,6367.04
M017289,16.8
M017290,46413.51
M017291,1421.5
M017292,889662.35
M017293,11521.51
M017294,153506.44
M017295,350.57
M017296,10076.29
M017297,55.63
M017298,35957.46
M017299,4821.99
M017300,12426.94
M017301,1811.55
M017302,3618.7
M017303,3748.35
M017304,3965.15
M017305,1076.04
M017306,413.65
M017307,237.76
M017308,103045.39
M017309,19881.17
M017310,15761.85
M017311,61.46
M017312,1078.19
M017313,8236.49
M017314,4888.73
M017315,1435.38
M017316,8002.76
M017317,46968.31
M017318,22554.37
M017319,168616.72
M017320,66882.16
M017321,13527.4
M017322,291.45
M017323,1994.5
M017324,2175962.31
M017325,1049.82
M017326,35263.94
M017327,4409798.35
M017328,41294.14
M017329,68469.73
M017330,797.73
M017331,214.0
M017332,2800.53
M017333,21345.12
M017334,25587.38
M017335,310.92
M017336,238198.99
M017337,793.0
M017338,3568.73
M017339,541.52
M017340,2249.79
M017341,62.17
M017342,848.24
M017343,1204223.49
M017344,28497.51
M017345,19687.97
M017346,1026.65
M017347,809617.85
M017348,2049.53
M017349,29825.13
M017350,636.68
M017351,813.65
M017352,3766.7
M017353,5409.26
M017354,1199.01
M017355,132.29
M017356,934.91
M017357,15656.63
M017358,27.9
M017359,220.82
M017360,16701.61
M017361,740418.7
M017362,116218.12
M017363,32963.28
M017364,840.76
M017365,1146.43
M017366,33637.89
M017367,346.65
M017368,2938.1
M017369,4723.37
M017370,38682.56
M017371,4681.24
M017372,29203.14
M017373,4106.33
M017374,1204565.47
M017375,2781.82
M017376,925.56
M017377,992.0
M017378,822.68
M017379,1686985.19
M017380,8290.35
M017381,1592.69
M017382,367.58
M017383,96733.01
M017384,706942.13
M017385,19.75
M017386,3535.58
M017387,539.78
M017388,727.39
M017389,1131.85
M017390,10690.63
M017391,2294.31
M017392,220.8
M017393,1090.07
M017394,65.47
M017395,9940.23
M017396,7365.23
M017397,348.12
M017398,25009.18
M017399,533571.45
M017400,61599.62
M017401,59270.77
M017402,35770.62
M017403,164.07
M017404,3047.86
M017405,12702.3
M017406,12322.3
M017407,1375.17
M017408,366.58
M017409,11277.5
M017410,193.9
M017411,4201.53
M017412,22445.11
M017413,58725.77
M017414,269.54
M017415,2417.36
M017416,33289.12
M017417,248011.34
M017418,7048.79
M017419,6449.19
M017420,78897.48
M017421,3642.94
M017422,740.06
M017423,123454.61
M017424,2434.68
M017425,1554.27
M017426,8664.55
M017427,822.29
M017428,5365.55
M017429,5380.53
M017430,985.85
M017431,33042.52
M017432,92487.98
M017433,42205.01
M017434,1345.23
M017435,497.08
M017436,1780.02
M017437,10984.07
M017438,1753.48
M017439,6557.38
M017440,74.68
M017441,118347.37
M017442,4775.5
M017443,141.28
M017444,2857.09
M017445,55145.8
M017446,538.12
M017447,1453.04
M017448,2605.31
M017449,38436.5
M017450,7185.31
M017451,53741.12
M017452,141.86
M017453,11785.13
M017454,123748.78
M017455,254.97
M017456,5369.07
M017457,3209.38
M017458,49380.63
M017459,31722.29
M017460,39652.3
M017461,210857.42
M017462,83209.63
M017463,3586.21
M017464,214.42
M017465,2342.25
M017466,47338.4
M017467,11669.36
M017468,5377.06
M017469,1838.18
M017470,55.53
M017471,4064.08
M017472,64489.38
M017473,11486.6
M017474,376.09
M017475,1076.36
M017476,143.63
M017477,593.64
M017478,31213.75
M017479,2441.0
M017480,3734.96
M017481,4414.17
M017482,3538.15
M017483,68651.45
M017484,1609.35
M017485,356.94
M017486,16.52
M017487,1272.57
M017488,19051.78
M017489,3544.93
M017490,2168.33
M017491,13217.13
M017492,761.99
M017493,5433.15
M017494,5988.68
M017495,6605.44
M017496,1956.67
M017497,610.83
M017498,18891.56
M017499,2873.57
M017500,142.14
M017501,989.52
M017502,26101.64
M017503,174.45
M017504,699.87
M017505,2410.62
M017506,108130.59
M017507,1151.18
M017508,147.77
M017509,5220.39
M017510,20.92
M017511,1182.12
M017512,7821.85
M017513,394.83
M017514,14919.52
M017515,1862.79
M017516,4430.89
M017517,1961.56
M017518,1010.37
M017519,109010.49
M017520,30366.91
M017521,693681.43
M017522,2558.91
M017523,1111.27
M017524,1406.77
M017525,152.17
M017526,375.86
M017527,7001.71
M017528,215441.65
M017529,38010.95
M017530,21902.18
M017531,7634.7
M017532,27295.67
M017533,52.72
M017534,737.23
M017535,249.86
M017536,941.37
M017537,7167.48
M017538,252.56
M017539,285953.18
M017540,9991.06
M017541,6957.14
M017542,26802.82
M017543,13723.87
M017544,1976.34
M017545,862.62
M017546,317386.89
M017547,12573.83
M017548,55.07
M017549,383.5
M017550,383.2
M017551,1851.3
M017552,16727.17
M017553,20872.62
M017554,7315.62
M017555,690937.42
M017556,1257.87
M017557,48.93
M017558,80796.22
M017559,20101.99
M017560,5543.03
M017561,4677.99
M017562,345420.71
M017563,568104.51
M017564,232.35
M017565,85.94
M017566,28515.85
M017567,8068.0
M017568,2005.26
M017569,54052.05
M017570,168.28
M017571,1038.5
M017572,84.1
M017573,46615.0
M017574,1540.63
M017575,357.01
M017576,4040.97
M017577,34163.31
M017578,97.85
M017579,15204.93
M017580,8912.32
M017581,106017.98
M017582,475.58
M017583,27146.1
M017584,1078.49
M017585,143734.0
M017586,36.91
M017587,197.5
M017588,30363.55
M017589,1666.09
M017590,712.32
M017591,31516.51
M017592,41.55
M017593,2420.34
M017594,3788.09
M017595,3002.52
M017596,5186.86
M017597,142137.33
M017598,366.63
M017599,77243.7
M017600,256.85
M017601,69756.53
M017602,2921.13
M017603,2630.71
M017604,3324.17
M017605,2999.53
M017606,426.2
M017607,2601.74
M017608,93562.81
M017609,3711.38
M017610,1831.03
M017611,157.93
M017612,208.8
M017613,302.21
M017614,11780.34
M017615,3344.24
M017616,1719.49
M017617,5899.7
M017618,5011.6
M017619,5593.48
M017620,95.32
M017621,44040.44
M017622,1156.63
M017623,313.69
M017624,215.94
M017625,5708.58
M017626,8337.36
M017627,41484.13
M017628,2568302.9
M017629,103.13
M017630,231.64
M017631,42711.06
M017632,1284.92
M017633,27.3
M017634,2075.94
M017635,292.47
M017636,2246.32
M017637,392.68
M017638,8087.92
M017639,63.22
M017640,1397.98
M017641,3204.55
M017642,85640.08
M017643,1151.14
M017644,1173.68
M017645,441.07
M017646,162156.92
M017647,57659.42
M017648,17.32
M017649,28408.26
M017650,613.37
M017651,167521.83
M017652,115115.11
M017653,2546456.8
M017654,594.51
M017655,5877.81
M017656,3543.4
M017657,18346.87
M017658,841.88
M017659,36864.44
M017660,23708.74
M017661,82312.88
M017662,172.42
M017663,80090.97
M017664,13325.81
M017665,782.13
M017666,1024.99
M017667,121369.59
M017668,1853.54
M017669,4900.56
M017670,1684.13
M017671,47648.78
M017672,257.51
M017673,1186.42
M017674,207.61
M017675,2121.69
M017676,2774.9
M017677,50144.52
M017678,723.8
M017679,1322.04
M017680,12946.56
M017681,2018.66
M017682,50221.97
M017683,53930.55
M017684,565003.82
M017685,408.44
M017686,26.05
M017687,16349.39
M017688,86280.16
M017689,1162.3
M017690,3466.41
M017691,7928.12
M017692,1734.24
M017693,271477.09
M017694,895.16
M017695,7493.14
M017696,11197.75
M017697,2850.05
M017698,30158.1
M017699,40212.83
M017700,9307.93
M017701,14817.77
M017702,631.24
M017703,4095.88
M017704,152191.72
M017705,20950.6
M017706,5406.6
M017707,19937.83
M017708,842.77
M017709,10750.86
M017710,19054.51
M017711,1081.11
M017712,18412.34
M017713,2730.37
M017714,179389.13
M017715,533.74
M017716,16295.0
M017717,163374.92
M017718,152530.44
M017719,1464.78
M017720,27835.18
M017721,3713.2
M017722,16909.47
M017723,91831.31
M017724,19939.89
M017725,5895.65
M017726,1731.39
M017727,5010.08
M017728,688.84
M017729,4672.31
M017730,2576.7
M017731,220.86
M017732,591.36
M017733,882.39
M017734,2643.72
M017735,25625.94
M017736,335.72
M017737,101.91
M017738,13097.57
M017739,748.74
M017740,167.26
M017741,70009.07
M017742,75.49
M017743,1.47
M017744,145.97
M017745,3009.61
M017746,3399.37
M017747,5088.66
M017748,393.85
M017749,138710.39
M017750,18755.84
M017751,2208.84
M017752,1337.82
M017753,9531.1
M017754,2082.2
M017755,1809.66
M017756,3084.99
M017757,1994.97
M017758,3449.29
M017759,1311.44
M017760,5073.83
M017761,33004.06
M017762,4926.91
M017763,5925.77
M017764,17452.33
M017765,7651.13
M017766,113.26
M017767,3252.59
M017768,23996.84
M017769,517490.46
M017770,8790.57
M017771,345.62
M017772,2132.79
M017773,8704.51
M017774,840.56
M017775,29077.13
M017776,5486.14
M017777,512.95
M017778,4417.04
M017779,114324.65
M017780,14325.09
M017781,3671.56
M017782,2430.86
M017783,1160.09
M017784,195.38
M017785,475.08
M017786,13892.55
M017787,2749.1
M017788,11526.3
M017789,156373.25
M017790,304.19
M017791,279.14
M017792,3550.65
M017793,13586.65
M017794,1006.56
M017795,69236.27
M017796,264.71
M017797,29798.73
M017798,857.68
M017799,414773.44
M017800,1295.3
M017801,663.89
M017802,118126.54
M017803,28126.68
M017804,6444.46
M017805,3388.89
M017806,4149.88
M017807,221.09
M017808,77172.76
M017809,1026430.29
M017810,296578.64
M017811,4408.19
M017812,724.01
M017813,2613.7
M017814,2342.85
M017815,1094.14
M017816,10084.67
M017817,283.11
M017818,1478.57
M017819,84618.9
M017820,5755.68
M017821,13720.73
M017822,1154.64
M017823,282.36
M017824,83053.46
M017825,561.06
M017826,3473.72
M017827,11806.79
M017828,130.41
M017829,3418.08
M017830,18919.46
M017831,64.99
M017832,24798.72
M017833,57098.58
M017834,31.94
M017835,11831.16
M017836,190101.6
M017837,8701.65
M017838,88.24
M017839,344.05
M017840,2292.71
M017841,36738.88
M017842,30338.44
M017843,33909.36
M017844,1468.72
M017845,1405.35
M017846,2310.99
M017847,422882.86
M017848,7584.35
M017849,18218.71
M017850,3298.65
M017851,259255.8
M017852,4499.53
M017853,3955.06
M017854,407377.11
M017855,8850.87
M017856,1099.0
M017857,16492.04
M017858,415.4
M017859,43828.85
M017860,5154.51
M017861,18814.31
M017862,290.87
M017863,4579.63
M017864,292947.37
M017865,85.34
M017866,2266.86
M017867,871.1
M017868,469.38
M017869,6059.84
M017870,1048.29
M017871,126793.99
M017872,76503.85
M017873,7930.96
M017874,20963.54
M017875,529781.33
M017876,2402.69
M017877,304.27
M017878,16613.59
M017879,33018.52
M017880,2984.66
M017881,154.41
M017882,76.89
M017883,3688.93
M017884,11850.88
M017885,6291.19
M017886,5959.45
M017887,7859.93
M017888,70.21
M017889,1263.78
M017890,176.83
M017891,9063.51
M017892,43.99
M017893,91.18
M017894,71190.03
M017895,51.46
M017896,2607.1
M017897,1063.3
M017898,41276.72
M017899,30.72
M017900,192.05
M017901,140.74
M017902,61.12
M017903,430.25
M017904,12524.34
M017905,411.5
M017906,426076.89
M017907,1871.81
M017908,72558.44
M017909,386.96
M017910,66546.84
M017911,3350.64
M017912,3478.97
M017913,5008.9
M017914,111826.82
M017915,2664.01
M017916,67560.44
M017917,10338.79
M017918,173.44
M017919,283.36
M017920,599.6
M017921,21832.37
M017922,4727.27
M017923,3670.12
M017924,43120.8
M017925,9013.87
M017926,14186.52
M017927,681.07
M017928,1366.54
M017929,192.12
M017930,2698.02
M017931,2453.76
M017932,15255.23
M017933,3598.36
M017934,7512.23
M017935,244.96
M017936,22038.44
M017937,91499.12
M017938,61930.59
M017939,19050.98
M017940,35.54
M017941,28713.6
M017942,6683.21
M017943,52468.63
M017944,1180.98
M017945,21249.95
M017946,168867.76
M017947,218.55
M017948,717.89
M017949,1565.27
M017950,4142.47
M017951,567.52
M017952,511.27
M017953,2531.62
M017954,4264.67
M017955,311.98
M017956,21982.72
M017957,3353.97
M017958,26451.56
M017959,28865.77
M017960,4136.76
M017961,24891.89
M017962,1842.56
M017963,33511.09
M017964,1560.27
M017965,228.3
M017966,9198.01
M017967,17188.14
M017968,236.92
M017969,38879.88
M017970,2605.5
M017971,200.04
M017972,8266.59
M017973,453.47
M017974,93561.31
M017975,1304.91
M017976,3932.92
M017977,7512.29
M017978,53.31
M017979,11317.01
M017980,30009.67
M017981,4235.92
M017982,41368.16
M017983,3726.04
M017984,565.0
M017985,1393.93
M017986,39769.19
M017987,1648.25
M017988,39.55
M017989,303677.77
M017990,21.44
M017991,1258.37
M017992,507319.28
M017993,3774.9
M017994,122.08
M017995,79032.73
M017996,94.29
M017997,5057.77
M017998,8895.17
M017999,219.12
